SMILES,corrected
CC2=C(I)C(C)=[N](C2=C3C4=CC=C(OCCOCCOCCO)C=C4)[B](F)(F)N1C3=C(C)C(I)=C1C,CC1=C(I)C(C)=[N+]2C1=C(c1ccc(OCCOCCOCCO)cc1)c1c(C)c(I)c(C)n1[B-]2(F)F
CC4=C2N(C(C)=C4C5=C(C(C)=C[C@@H]9C)N9[B@](F)(F)N6C5=C(C)C=C6C)[B@](F)(F)[N]1=C(C)C(C7=C(C(C)=CC%10C)N%10[B@@](F)(C)N8C7=[C@@](C)C=C8C)=C(C)C1=C2[C@@]3=CC=[C@]([C@](C)(C)C)C=C3,CC1=C2N([B-](F)([N+]3=C(C(C4=C(N5[B@@-](C)(N6C4=C(C=C6C)C)F)C(C)=CC5C)=C(C3=C2C7=CC=C(C=C7)C(C)(C)C)C)C)F)C(C)=C1C8=C(N9[B-](F)(N%10C8=C(C=C%10C)C)F)C(C)=C[C@@H]9C
F[B@@]([N@]3=C(C7=CC=C([N+]([O-])=O)C=C7)C(I)=C(C5=CC=CC=C5)C3=N4)(F)N1C4=C(C6=CC=CC=C6)C(I)=C1C2=CC=C([N+]([O-])=O)C=C2,F[B-](F)(N1C(C2=CC=C(C=C2)[N+]([O-])=O)=C3I)[N+]4=C(C(I)=C(C4=NC1=C3C5=CC=CC=C5)C6=CC=CC=C6)C7=CC=C(C=C7)[N+]([O-])=O
F[B@@]([N@]3=C(C7=CC=C([N+]([O-])=O)C=C7)C(I)=C(C5=CC=C([N+]([O-])=O)C=C5)C3=N4)(F)N1C4=C(C6=CC=C([N+]([O-])=O)C=C6)C(I)=C1C2=CC=C([N+]([O-])=O)C=C2,F[B-](F)(N1C(C2=CC=C(C=C2)[N+]([O-])=O)=C3I)[N+]4=C(C(I)=C(C4=NC1=C3C5=CC=C(C=C5)[N+]([O-])=O)C6=CC=C(C=C6)[N+]([O-])=O)C7=CC=C(C=C7)[N+]([O-])=O
F[B@@]([N@]3=C(C7=CC=C([N+]([O-])=O)C=C7)C(I)=C(C5=CC=C([C@](C)(C)C)C=C5)C3=N4)(F)N1C4=C(C6=CC=C([C@@](C)(C)C)C=C6)C(I)=C1C2=CC=C([N+]([O-])=O)C=C2,F[B-](F)(N1C(C2=CC=C(C=C2)[N+]([O-])=O)=C3I)[N+]4=C(C(I)=C(C4=NC1=C3C5=CC=C(C=C5)C(C)(C)C)C6=CC=C(C=C6)C(C)(C)C)C7=CC=C(C=C7)[N+]([O-])=O
F[B@@]([N@]3=C(C7=CC=C([C@@](C)(C)C)C=C7)C(I)=C(C5=CC=C([N+]([O-])=O)C=C5)C3=N4)(F)N1C4=C(C6=CC=C([N+]([O-])=O)C=C6)C(I)=C1C2=CC=C([C@](C)(C)C)C=C2,F[B-](F)(N1C(C2=CC=C(C=C2)C(C)(C)C)=C3I)[N+]4=C(C(I)=C(C4=NC1=C3C5=CC=C(C=C5)[N+]([O-])=O)C6=CC=C(C=C6)[N+]([O-])=O)C7=CC=C(C=C7)C(C)(C)C
CSC(C2=CC=CN2[B](F)3F)=C1[N]3=CC=C1,CSC(C1=CC=CN1[B-](F)2F)=C3[N+]2=CC=C3
F[B]([N]2=CC=CC2=C3SCC)(F)N1C3=CC=C1,F[B-](F)(N1C2=CC=C1)[N+]3=CC=CC3=C2SCC
F[B]([N]2=CC=CC2=C3SCCC)(F)N1C3=CC=C1,F[B-](F)(N1C2=CC=C1)[N+]3=CC=CC3=C2SCCC
F[B]([N]2=CC=CC2=C3SCCCC)(F)N1C3=CC=C1,F[B-](F)(N1C2=CC=C1)[N+]3=CC=CC3=C2SCCCC
F[B]([N]2=CC=CC2=C3SC4CCCCC4)(F)N1C3=CC=C1,F[B-](F)(N1C2=CC=C1)[N+]3=CC=CC3=C2SC4CCCCC4
F[B]([N]2=CC=CC2=C3SCC(OC)=O)(F)N1C3=CC=C1,F[B-](F)(N1C2=CC=C1)[N+]3=CC=CC3=C2SCC(OC)=O
F[B]([N]2=CC=CC2=C3SC4=CC=C(OC)C=C4)(F)N1C3=CC=C1,F[B-](F)(N1C2=CC=C1)[N+]3=CC=CC3=C2SC4=CC=C(C=C4)OC
F[B]([N]2=CC=CC2=C3SC4=CC=C(F)C=C4)(F)N1C3=CC=C1,F[B-](F)(N1C2=CC=C1)[N+]3=CC=CC3=C2SC4=CC=C(C=C4)F
F[B]([N]2=CC=CC2=C3)(F)N1C3=CC=C1,F[B-]1(F)[N+]2=CC=CC2=CC3=CC=CN13
F[B]3(F)[N]1=C(CN(CC5=CC(C)=C7N5[B](F)(F)[N]6=C(C)C=C(C)C6=C7C)C4CC(C)(C)N([O])C(C)(C)C4)C=C(C)C1=C(C)C2=C(C)C=C(C)N23,F[B-]1([N+]2=C(C=C(C2=C(C3=C(C=C(N31)C)C)C)C)CN(C4CC(C)(N(C(C)(C4)C)O)C)CC5=CC(C)=C6N5[B-](F)([N+]7=C(C=C(C7=C6C)C)C)F)F
F[B]3(F)[N]1=C(CN(CC4=CC(C)=C6N4[B](F)(F)[N]5=C(C)C=C(C)C5=C6C)CCC)C=C(C)C1=C(C)C2=C(C)C=C(C)N23,F[B-]1([N+]2=C(C=C(C2=C(C3=C(C=C(N31)C)C)C)C)CN(CCC)CC4=CC(C)=C5N4[B-](F)([N+]6=C(C=C(C6=C5C)C)C)F)F
F[B]3(F)[N]1=C(CNC4CC(C)(C)N([O])C(C)(C)C4)C=C(C)C1=C(C)C2=C(C)C=C(C)N23,F[B-]1([N+]2=C(C=C(C2=C(C3=C(C=C(N31)C)C)C)C)CNC4CC(C)(N(C(C)(C4)C)O)C)F
CC(C5=C4C=C(OC)C=C5)=C2N4[B](F)(F)[N]1=C([H])C=CC1=C2C3=CC=CC=C3,CC1=C2N([B-](F)([N+]3=C(C=CC3=C2C4=CC=CC=C4)[H])F)C5=C1C=CC(OC)=C5
CC(C5=C4C=C(OC)C=C5)=C2N4[B](F)(F)[N]1=C(Cl)C=CC1=C2C3=CC=CC=C3,CC1=C2N([B-](F)([N+]3=C(C=CC3=C2C4=CC=CC=C4)Cl)F)C5=C1C=CC(OC)=C5
CC(C5=C4C(I)=C(OC)C(I)=C5)=C2N4[B](F)(F)[N]1=C([H])C(I)=CC1=C2C3=CC=CC=C3,CC1=C2N([B-](F)([N+]3=C(C(I)=CC3=C2C4=CC=CC=C4)[H])F)C5=C1C=C(I)C(OC)=C5I
CC(C5=C4C([H])=C(OC)C(I)=C5)=C2N4[B](F)(F)[N]1=C([H])C(I)=CC1=C2C3=CC=CC=C3,CC1=C2N([B-](F)([N+]3=C(C(I)=CC3=C2C4=CC=CC=C4)[H])F)C5=C1C=C(I)C(OC)=C5[H]
CC(C5=C4C([H])=C(OC)C(I)=C5)=C2N4[B](F)(F)[N]1=C(Cl)C(I)=CC1=C2C3=CC=CC=C3,CC1=C2N([B-](F)([N+]3=C(C(I)=CC3=C2C4=CC=CC=C4)Cl)F)C5=C1C=C(I)C(OC)=C5[H]
CC(C5=C4C=C(OC)C(I)=C5)=C2N4[B](F)(F)[N]1=C(SC[C@@H](C(O)=O)NC(C)=O)C(I)=CC1=C2C3=CC=CC=C3,CC1=C2N([B-](F)([N+]3=C(C(I)=CC3=C2C4=CC=CC=C4)SC[C@H](NC(C)=O)C(O)=O)F)C5=C1C=C(I)C(OC)=C5
CC(C5=C4C=C(OC)C(I)=C5)=C2N4[B](F)(F)[N]1=C(N6CCOCC6)C(I)=CC1=C2C3=CC=CC=C3,CC1=C2N([B-](F)([N+]3=C(C(I)=CC3=C2C4=CC=CC=C4)N5CCOCC5)F)C6=C1C=C(I)C(OC)=C6
F[B-]2(F)[N]1=C7C(C(C=CC=C8)=C8C=C7)=C(C)C1=C(C4=CC=CC=C4)C3=C(C)C5=C(C=CC6=C5C=CC=C6)N23,F[B-]1([N+]2=C3C(C4=C(C=C3)C=CC=C4)=C(C2=C(C5=C(C6=C(N15)C=CC7=C6C=CC=C7)C)C8=CC=CC=C8)C)F
F[B]([N]2=C(C)C([H])=C(C)C2=C3CCCC[P+](C5=CC=CC=C5)(C6=CC=CC=C6)C4=CC=CC=C4)(F)N1C3=C(C)C([H])=C1C.[Br-],F[B-](F)(N1C2=C(C([H])=C1C)C)[N+]3=C(C([H])=C(C3=C2CCCC[P+](C4=CC=CC=C4)(C5=CC=CC=C5)C6=CC=CC=C6)C)C.[Br-]
F[B]([N]2=C(C)C(I)=C(C)C2=C3CCCC[P+](C5=CC=CC=C5)(C6=CC=CC=C6)C4=CC=CC=C4)(F)N1C3=C(C)C([H])=C1C.[Br-],F[B-](F)(N1C2=C(C([H])=C1C)C)[N+]3=C(C(I)=C(C3=C2CCCC[P+](C4=CC=CC=C4)(C5=CC=CC=C5)C6=CC=CC=C6)C)C.[Br-]
F[B]([N]2=C(C)C(I)=C(C)C2=C3CCCC[P+](C5=CC=CC=C5)(C6=CC=CC=C6)C4=CC=CC=C4)(F)N1C3=C(C)C(I)=C1C.[Br-],F[B-](F)(N1C2=C(C(I)=C1C)C)[N+]3=C(C(I)=C(C3=C2CCCC[P+](C4=CC=CC=C4)(C5=CC=CC=C5)C6=CC=CC=C6)C)C.[Br-]
S=C2C5=C(C=CC=C5)C1=NC3=[N+](C(C=CC=C4)=C4C=C3)[B](F)(F)N12,S=C1C2=C(C3=NC4=[N+]([B-](F)(N31)F)C5=C(C=C4)C=CC=C5)C=CC=C2
O=C2C5=C(C=CC=C5)C1=NC3=[N+](C(C=CC=C4)=C4C=C3)[B](C6=CC=CC=C6)(C7=CC=CC=C7)N12,O=C1C2=C(C3=NC4=[N+]([B-](C5=CC=CC=C5)(N31)C6=CC=CC=C6)C7=C(C=C4)C=CC=C7)C=CC=C2
S=C2C4=C(C=CC=C4)C1=NC3=[N+](C=CC=C3)[B](C5=CC=CC=C5)(C6=CC=CC=C6)N12,S=C1C2=C(C3=NC4=[N+]([B-](C5=CC=CC=C5)(N31)C6=CC=CC=C6)C=CC=C4)C=CC=C2
S=C2C5=C(C=CC=C5)C1=NC3=[N+](C(C=CC=C4)=C4C=C3)[B](C6=CC=CC=C6)(C7=CC=CC=C7)N12,S=C1C2=C(C3=NC4=[N+]([B-](C5=CC=CC=C5)(N31)C6=CC=CC=C6)C7=C(C=C4)C=CC=C7)C=CC=C2
CC(C=C3C)=C2N3[B](F)(F)[N]1=C(C)C=C(C)C1=C2COC(C)=O,CC1=C2N([B-](F)([N+]3=C(C=C(C3=C2COC(C)=O)C)C)F)C(C)=C1
CC(C(Cl)=C3C)=C2N3[B](F)(F)[N]1=C(C)C(Cl)=C(C)C1=C2COC(C)=O,CC1=C2N([B-](F)([N+]3=C(C(Cl)=C(C3=C2COC(C)=O)C)C)F)C(C)=C1Cl
CC(C(Br)=C3C)=C2N3[B](F)(F)[N]1=C(C)C(Br)=C(C)C1=C2COC(C)=O,CC1=C2N([B-](F)([N+]3=C(C(Br)=C(C3=C2COC(C)=O)C)C)F)C(C)=C1Br
CC(C(I)=C3C)=C2N3[B](F)(F)[N]1=C(C)C(I)=C(C)C1=C2COC(C)=O,CC1=C2N([B-](F)([N+]3=C(C(I)=C(C3=C2COC(C)=O)C)C)F)C(C)=C1I
CC(C(I)=C4C)=C2N4[B](F)(F)[N]1=C(C)C(I)=C(C)C1=C2C3=CC=C(C)C=C3,CC1=C2N([B-](F)([N+]3=C(C(I)=C(C3=C2C4=CC=C(C=C4)C)C)C)F)C(C)=C1I
CC(C(I)=C4C)=C2N4[B](F)(F)[N]1=C(I)C(I)=C(C)C1=C2C3=CC=C(C)C=C3,CC1=C2N([B-](F)([N+]3=C(C(I)=C(C3=C2C4=CC=C(C=C4)C)C)I)F)C(C)=C1I
CC(C(I)=C4I)=C2N4[B](F)(F)[N]1=C(I)C(I)=C(C)C1=C2C3=CC=C(C)C=C3,CC1=C2N([B-](F)([N+]3=C(C(I)=C(C3=C2C4=CC=C(C=C4)C)C)I)F)C(I)=C1I
CC(C=C4C)=C2N4[B](F)(F)[N]1=C(C)C=C(C)C1=C2C3=CC=CC=C3,CC1=C2N([B-](F)([N+]3=C(C=C(C3=C2C4=CC=CC=C4)C)C)F)C(C)=C1
CC(C=C4C)=C2N4[B](F)(F)[N]1=C(C)C=C(C)C1=C2C3=CC=C(I)C=C3,CC1=C2N([B-](F)([N+]3=C(C=C(C3=C2C4=CC=C(C=C4)I)C)C)F)C(C)=C1
CC(C=C4C)=C2N4[B](F)(F)[N]1=C(C)C=C(C)C1=C2C3=C(OC)C=C(OC)C(OC)=C3,CC1=C2N([B-](F)([N+]3=C(C=C(C3=C2C4=C(C=C(C(OC)=C4)OC)OC)C)C)F)C(C)=C1
CC(C=C5C)=C2N5[B](F)(F)[N]1=C(C)C=C(C)C1=C2C3=C(C=CC=C6)C6=C(C7=CC=CC=C7)C4=C3C=CC=C4,CC1=C2N([B-](F)([N+]3=C(C=C(C3=C2C4=C5C=CC=CC5=C(C6=C4C=CC=C6)C7=CC=CC=C7)C)C)F)C(C)=C1
CC(C=C4C)=C2N4[B](F)(F)[N]1=C(C)C=C(C)C1=C2C3=CC=C(N(CCCC)C(C=CC=C6)C6S5)C5=C3,CC1=C2N([B-](F)([N+]3=C(C=C(C3=C2C4=CC=C5N(C6C=CC=CC6SC5=C4)CCCC)C)C)F)C(C)=C1
F[B]([N]2=C(C)C=CC2=C3C4=C(C=CC6=C5C(C=C7)=CC=C6)C5=C7C=C4)(F)N1C3=CC=C1C,F[B-](F)(N1C2=CC=C1C)[N+]3=C(C=CC3=C2C4=C5C=CC6=C7C(C=CC(C=C4)=C57)=CC=C6)C
F[B]([N]2=C(C)C=C(C)C2=C3C4=C(C=CC6=C5C(C=C7)=CC=C6)C5=C7C=C4)(F)N1C3=C(C)C=C1C,F[B-](F)(N1C2=C(C=C1C)C)[N+]3=C(C=C(C3=C2C4=C5C=CC6=C7C(C=CC(C=C4)=C57)=CC=C6)C)C
F[B]([N]2=C(C)C(CC)=C(C)C2=C3C4=C(C=CC6=C5C(C=C7)=CC=C6)C5=C7C=C4)(F)N1C3=C(C)C(CC)=C1C,F[B-](F)(N1C2=C(C(CC)=C1C)C)[N+]3=C(C(CC)=C(C3=C2C4=C5C=CC6=C7C(C=CC(C=C4)=C57)=CC=C6)C)C
F[B]([N]2=C(C)C(CC)=C(C)C2=C3)(F)N1C3=C(C)C(C)=C1C,F[B-](F)(N1C(C)=C2C)[N+]3=C(C(CC)=C(C3=CC1=C2C)C)C
F[B]([N]2=C(C(C(CC)=C6C)=[N](C6=C5)[B](F)(F)N4C5=C(C)C(C)=C4C)C(CC)=C(C)C2=C3)(F)N1C3=C(C)C(C)=C1C,F[B-](F)(N1C(C)=C2C)[N+]3=C(C(CC)=C(C3=CC1=C2C)C)C(C(CC)=C4C)=[N+]([B-](F)(N5C(C)=C6C)F)C4=CC5=C6C
F[B]([N]2=CC(C(C5=C(C)C=C(C)N5[B](F)6F)=C4[N]6=C(C)C=C4C)=C(C)C2=C3)(F)N1C3=C(C)C=C1C,F[B-](F)(N1C(C)=C2)[N+]3=CC(C(C4=C(C=C(N4[B-](F)5F)C)C)=C6[N+]5=C(C=C6C)C)=C(C3=CC1=C2C)C
F[B]([N]2=CC=C(C)C2=C3C(C5=C(C)C=C(C)N5[B](F)6F)=C4[N]6=C(C)C=C4C)(F)N1C3=C(C)C=C1C,F[B-](F)(N1C2=C(C=C1C)C)[N+]3=CC=C(C3=C2C(C4=C(C=C(N4[B-](F)5F)C)C)=C6[N+]5=C(C=C6C)C)C
BrC5=CC1=C(S5)C=C3N1[B](F)(F)[N]2=C(C=C(Br)S4)C4=CC2=C3C(F)(F)F,BrC1=CC2=C(C=C3N2[B-](F)([N+]4=C5C=C(SC5=CC4=C3C(F)(F)F)Br)F)S1
F[B]([N]3=C(C=C(OC7=CC=C([PhenyI])C=C7)S5)C5=CC3=C4C(F)(F)F)(F)N1C4=CC2=C1C=C(OC6=CC=C([PhenyI])C=C6)S2,F[B-](F)(N1C2=CC3=C1C=C(S3)OC4=CC=C(C=C4)C5=CC=CC=C5)[N+]6=C7C=C(SC7=CC6=C2C(F)(F)F)OC8=CC=C(C=C8)C9=CC=CC=C9
F[B]([N]3=C(C=C(C7=CC=CC=C7)S5)C5=CC3=C4C(F)(F)F)(F)N1C4=CC2=C1C=C(C6=CC=CC=C6)S2,F[B-](F)(N1C2=CC3=C1C=C(S3)C4=CC=CC=C4)[N+]5=C6C=C(SC6=CC5=C2C(F)(F)F)C7=CC=CC=C7
F[B]([N]3=C(C=C(SC7=CC=C([H])C=C7)S5)C5=CC3=C4C(F)(F)F)(F)N1C4=CC2=C1C=C(SC6=CC=C([H])C=C6)S2,F[B-](F)(N1C2=CC3=C1C=C(S3)SC4=CC=C(C=C4)[H])[N+]5=C6C=C(SC6=CC5=C2C(F)(F)F)SC7=CC=C(C=C7)[H]
CC1=CC=C3N1[B](C#CC[N+](C)(CCCS(=O)([O-])=O)C)(C#CC[N+](C)(CCCS(=O)([O-])=O)C)[N]2=C(C)C=CC2=C3C4=C(C=CC=C6)C6=C(C)C5=C4C=CC=C5,CC1=CC=C2N1[B-](C#CC[N+](CCCS(=O)([O-])=O)(C)C)([N+]3=C(C=CC3=C2C4=C5C=CC=CC5=C(C6=C4C=CC=C6)C)C)C#CC[N+](CCCS(=O)([O-])=O)(C)C
CC1=CC(C)=C3N1[B](C#CC[N+](C)(CCCS(=O)([O-])=O)C)(C#CC[N+](C)(CCCS(=O)([O-])=O)C)[N]2=C(C)C=C(C)C2=C3C4=C(C=CC=C6)C6=C(C)C5=C4C=CC=C5,CC1=CC(C)=C2N1[B-](C#CC[N+](CCCS(=O)([O-])=O)(C)C)([N+]3=C(C=C(C3=C2C4=C5C=CC=CC5=C(C6=C4C=CC=C6)C)C)C)C#CC[N+](CCCS(=O)([O-])=O)(C)C
CC1=CC=C3N1[B](C#CC[N+](C)(CCCS(=O)([O-])=O)C)(C#CC[N+](C)(CCCS(=O)([O-])=O)C)[N]2=C(C)C=CC2=C3C4=C(C=CC=C6)C6=CC5=C4C=CC=C5,CC1=CC=C2N1[B-](C#CC[N+](CCCS(=O)([O-])=O)(C)C)([N+]3=C(C=CC3=C2C4=C5C=CC=CC5=CC6=C4C=CC=C6)C)C#CC[N+](CCCS(=O)([O-])=O)(C)C
CC1=CC(C)=C3N1[B](C#CC[N+](C)(CCCS(=O)([O-])=O)C)(C#CC[N+](C)(CCCS(=O)([O-])=O)C)[N]2=C(C)C=C(C)C2=C3C4=C(C=CC=C6)C6=CC5=C4C=CC=C5,CC1=CC(C)=C2N1[B-](C#CC[N+](CCCS(=O)([O-])=O)(C)C)([N+]3=C(C=C(C3=C2C4=C5C=CC=CC5=CC6=C4C=CC=C6)C)C)C#CC[N+](CCCS(=O)([O-])=O)(C)C
CC1=CC=C3N1[B](C#CC[N+](C)(CCCS(=O)([O-])=O)C)(C#CC[N+](C)(CCCS(=O)([O-])=O)C)[N]2=C(C)C=CC2=C3C4=C(C=CC=C6)C6=C(C7=CC=CC=C7)C5=C4C=CC=C5,CC1=CC=C2N1[B-](C#CC[N+](CCCS(=O)([O-])=O)(C)C)([N+]3=C(C=CC3=C2C4=C5C=CC=CC5=C(C6=C4C=CC=C6)C7=CC=CC=C7)C)C#CC[N+](CCCS(=O)([O-])=O)(C)C
CC1=CC(C)=C3N1[B](C#CC[N+](C)(CCCS(=O)([O-])=O)C)(C#CC[N+](C)(CCCS(=O)([O-])=O)C)[N]2=C(C)C=C(C)C2=C3C4=C(C=CC=C6)C6=C(C7=CC=CC=C7)C5=C4C=CC=C5,CC1=CC(C)=C2N1[B-](C#CC[N+](CCCS(=O)([O-])=O)(C)C)([N+]3=C(C=C(C3=C2C4=C5C=CC=CC5=C(C6=C4C=CC=C6)C7=CC=CC=C7)C)C)C#CC[N+](CCCS(=O)([O-])=O)(C)C
CC1=CC=C3N1[B](C#CC[N+](C)(CCCS(=O)([O-])=O)C)(C#CC[N+](C)(CCCS(=O)([O-])=O)C)[N]2=C(C)C=CC2=C3C4=C(C=CC6=C5C(C=C7)=CC=C6)C5=C7C=C4,CC1=CC=C2N1[B-](C#CC[N+](CCCS(=O)([O-])=O)(C)C)([N+]3=C(C=CC3=C2C4=C5C=CC6=C7C(C=CC(C=C4)=C57)=CC=C6)C)C#CC[N+](CCCS(=O)([O-])=O)(C)C
CC1=CC(C)=C3N1[B](C#CC[N+](C)(CCCS(=O)([O-])=O)C)(C#CC[N+](C)(CCCS(=O)([O-])=O)C)[N]2=C(C)C=C(C)C2=C3C4=CC=CC=C4,CC1=CC(C)=C2N1[B-](C#CC[N+](CCCS(=O)([O-])=O)(C)C)([N+]3=C(C=C(C3=C2C4=CC=CC=C4)C)C)C#CC[N+](CCCS(=O)([O-])=O)(C)C
CC3=C(Br)C(/C=C/C6=CC=C(OCC8=CC=CC=C8)C=C6)=[N](C3=C4C5=CC=C(O)C=C5)[B](F)(F)N1C4=C(C)C(Br)=C1/C=C/C2=CC=C(OCC7=CC=CC=C7)C=C2,CC1=C(C(/C=C/C2=CC=C(C=C2)OCC3=CC=CC=C3)=[N+]([B-](F)(N4C5=C(C(Br)=C4/C=C/C6=CC=C(C=C6)OCC7=CC=CC=C7)C)F)C1=C5C8=CC=C(C=C8)O)Br
CC4=C2N(C(C)=C4)[B](F)(F)[N]1=C(C)C=C(C)C1=C2C3=CC=CC=C3,CC1=C2N([B-](F)([N+]3=C(C=C(C3=C2C4=CC=CC=C4)C)C)F)C(C)=C1
CC4=C2N(C(C)=C4)[B](F)(F)[N]1=C(C)C=C(C)C1=C2C3=C(OC)C=CC=C3,CC1=C2N([B-](F)([N+]3=C(C=C(C3=C2C4=C(C=CC=C4)OC)C)C)F)C(C)=C1
CC4=C2N(C(C)=C4)[B](F)(F)[N]1=C(C)C=C(C)C1=C2C3=C(OC)C=C(OC)C=C3OC,CC1=C2N([B-](F)([N+]3=C(C=C(C3=C2C4=C(C=C(C=C4OC)OC)OC)C)C)F)C(C)=C1
CC2C([H])=C(C)N(C2=C3)[B](F)(F)N1C3=C(C)C([H])=C1C,CC1C([H])=C(N([B-](F)(N2C(C)=C3[H])F)C1=CC2=C3C)C
CC2C(I)=C(C)N(C2=C3)[B](F)(F)N1C3=C(C)C(I)=C1C,CC1C(I)=C(N([B-](F)(N2C(C)=C3I)F)C1=CC2=C3C)C
CC2C(C4C6N(C(C)=C([H])C6C)[B](F)(F)N5C4=C(C)C([H])=C5C)C(C)N(C2=C3)[B](F)(F)N1C3=C(C)C([H])=C1C,CC1C(C(N([B-](F)(N2C(C)=C3[H])F)C1=CC2=C3C)C)C4C5N([B-](F)(N6C4=C(C([H])=C6C)C)F)C(C)=C(C5C)[H]
CC2C(C4C6N(C(C)=C(I)C6C)[B](F)(F)N5C4=C(C)C(I)=C5C)C(C)N(C2=C3)[B](F)(F)N1C3=C(C)C(I)=C1C,CC1C(C(N([B-](F)(N2C(C)=C3I)F)C1=CC2=C3C)C)C4C5N([B-](F)(N6C4=C(C(I)=C6C)C)F)C(C)=C(C5C)I
CC1=CC(C)=[N]3C1=CC2=C(C)C(C5=C4[N]([B](F)(F)N6C5=C(C)C=C6C)=[C@@](C)C=C4C)=C(C)N2[B](F)3F,CC1=CC(C)=[N+]2C1=CC3=C(C(C4=C5[N+]([B-](F)(N6C4=C(C=C6C)C)F)=C(C=C5C)C)=C(N3[B-]2(F)F)C)C
CC1=C(C)C(C)=[N]3C1=CC2=C(C)C(CC)=C(C(C(CC)=C6C)=[N](C6=C5)[B](F)(F)N4C5=C(C)C(C)=C4C)N2[B](F)3F,CC1=C(C(C)=[N+]2C1=CC3=C(C(CC)=C(N3[B-]2(F)F)C(C(CC)=C4C)=[N+]([B-](F)(N5C(C)=C6C)F)C4=CC5=C6C)C)C
CC1=C(C(C8=C(C)C=C(C)N8[B](F)9F)=C7[N]9=[C@](C)C=C7C)C(C)=[N]3C1=C(C%10=CC=C(C(C)(C)C)C=C%10)C2=C(C)C(C5=C4[N]([B](F)(F)N6C5=C(C)C=C6C)=[C@@](C)C=C4C)=C(C)N2[B](F)3F,CC1=C(C(C)=[N+]2C1=C(C3=C(C(C4=C5[N+]([B-](F)(N6C4=C(C=C6C)C)F)=C(C=C5C)C)=C(N3[B-]2(F)F)C)C)C7=CC=C(C=C7)C(C)(C)C)C(C8=C(C=C(N8[B-](F)9F)C)C)=C%10[N+]9=C(C=C%10C)C
F[B]2(F)[N]1=C(C4=CC=C(C)O4)C(Br)=CC1=C(C6=C(C)C=C(C)C=C6C)C3=CC(Br)=C(C5=CC=C(C)O5)N23,F[B-]1([N+]2=C(C(Br)=CC2=C(C3=CC(Br)=C(N13)C4=CC=C(O4)C)C5=C(C=C(C=C5C)C)C)C6=CC=C(O6)C)F
F[B]2(F)[N]1=C(C#CC6=CC=CS6)C(Br)=CC1=C(C5=C(C)C=C(C)C=C5C)C3=CC(Br)=C(C#CC4=CC=CS4)N23,F[B-]1([N+]2=C(C(Br)=CC2=C(C3=CC(Br)=C(N13)C#CC4=CC=CS4)C5=C(C=C(C=C5C)C)C)C#CC6=CC=CS6)F
F[B]2(F)[N]1=C(C6=CC=CN6)C(Br)=CC1=C(C5=CC=CC=C5)C3=CC(Br)=C(C4=CC=CN4)N23,F[B-]1([N+]2=C(C(Br)=CC2=C(C3=CC(Br)=C(N13)C4=CC=CN4)C5=CC=CC=C5)C6=CC=CN6)F
F[B]2(F)[N]1=C(C6=CC=CN6)C(Br)=C(Br)C1=C(C5=CC=CC=C5)C3=C(Br)C(Br)=C(C4=CC=CN4)N23,F[B-]1([N+]2=C(C(Br)=C(C2=C(C3=C(C(Br)=C(N13)C4=CC=CN4)Br)C5=CC=CC=C5)Br)C6=CC=CN6)F
F[B]2(F)[N]1=C5C(SC(Br)=C5)=CC1=C(C(F)(F)F)C3=CC4=C(C=C(Br)S4)N23,F[B-]1([N+]2=C3C(SC(Br)=C3)=CC2=C(C4=CC5=C(N14)C=C(S5)Br)C(F)(F)F)F
F[B]2(F)[N]1=C6C(SC(C8=CC=C(Br)S8)=C6)=CC1=C(C4=CC=C(C(OC)=O)C=C4)C3=C(Br)C5=C(C=C(C7=CC=C(Br)S7)S5)N23,F[B-]1([N+]2=C3C(SC(C4=CC=C(S4)Br)=C3)=CC2=C(C5=C(C6=C(N15)C=C(S6)C7=CC=C(S7)Br)Br)C8=CC=C(C=C8)C(OC)=O)F
F[B]2(F)[N]1=C(/C=C/C6=CC=[N+](C)C=C6)C(Br)=C(C)C1=C(C4=CC=CC=C4)C3=C(C)C(Br)=C(/C=C/C5=CC=[N+](C)C=C5)N23.[I-].[I-],F[B-]1([N+]2=C(C(Br)=C(C2=C(C3=C(C(Br)=C(N13)/C=C/C4=CC=[N+](C=C4)C)C)C5=CC=CC=C5)C)/C=C/C6=CC=[N+](C=C6)C)F.[I-].[I-]
F[B]2(F)[N]1=C(/C=C/C6=CC=[N+](C)C=C6)C(I)=C(C)C1=C(C4=CC=CC=C4)C3=C(C)C(I)=C(/C=C/C5=CC=[N+](C)C=C5)N23.[I-].[I-],F[B-]1([N+]2=C(C(I)=C(C2=C(C3=C(C(I)=C(N13)/C=C/C4=CC=[N+](C=C4)C)C)C5=CC=CC=C5)C)/C=C/C6=CC=[N+](C=C6)C)F.[I-].[I-]
F[B]2(F)[N]1=C(C)C(I)=C(C)C1=C(CCCC(NCCCNC4=CC(C(F)(F)F)=C([N+]([O-])=O)C=C4)=O)C3=C(C)C(I)=C(C)N23,F[B-]1([N+]2=C(C(I)=C(C2=C(C3=C(C(I)=C(N13)C)C)CCCC(NCCCNC4=CC(C(F)(F)F)=C(C=C4)[N+]([O-])=O)=O)C)C)F
F[B]2(F)[N]1=C(/C=C/C5=CC=C(OC)C=C5)C(I)=C(C)C1=C([C@@]6=CC=[C@](CN7C(C=CC=C7)=O)C=C6)C3=C(C)C(I)=C(/C=C/C4=CC=C(OC)C=C4)N23,F[B-]1([N+]2=C(C(I)=C(C2=C(C3=C(C(I)=C(N13)/C=C/C4=CC=C(C=C4)OC)C)C5=CC=C(C=C5)CN6C(C=CC=C6)=O)C)/C=C/C7=CC=C(C=C7)OC)F
F[B]2(F)[N]1=C4C(SC(C7=CC=CC=C7)=C4)=CC1=C(C(F)(F)F)C3=CC5=C(C=C(C6=CC=CC=C6)S5)N23,F[B-]1([N+]2=C3C(SC(C4=CC=CC=C4)=C3)=CC2=C(C5=CC6=C(N15)C=C(S6)C7=CC=CC=C7)C(F)(F)F)F
F[B]2(F)[N]1=C(C)C=C(C)C1=C(C5=C4[N]([B](F)(F)N6C5=C(C)C=C6C)=C(C)C=C4C)C3=C(C)C=C(C)N23,F[B-]1([N+]2=C(C=C(C2=C(C3=C(C=C(N13)C)C)C4=C5[N+]([B-](F)(N6C4=C(C=C6C)C)F)=C(C=C5C)C)C)C)F
F[B]2(F)[N]1=C(C)C(I)=C(C)C1=C(C)C3=C(C)C(I)=C(C)N23,F[B-]1([N+]2=C(C(I)=C(C2=C(C3=C(C(I)=C(N13)C)C)C)C)C)F
F[B]2(F)[N]1=C(C)C(I)=C(C)C1=C(C4=CC=CC=C4)C3=C(C)C(I)=C(C)N23,F[B-]1([N+]2=C(C(I)=C(C2=C(C3=C(C(I)=C(N13)C)C)C4=CC=CC=C4)C)C)F
F[B]2(F)[N]1=C(/C=C/C5=CC=C(C7=CC=C(C(N(C)CC%29%30=C%31%32)C%18%29=C%15C9=C%14C%12=C%11C%10=C9C%17=C%35C%10=C%37C%33=C%11C(C%44=C%46C%33=C%38C%47=C%49C%36=C%42C%34=C%35C%36=C%37%38)=C%12C%13=C(C%44=C%45C%46=C%47C%48=C%49%50)C%39=C%16C%13=C%14C%15=C%31C%16=C(C%40=C%39C%45=C%48C%40=C%41C%50=C%42%43)C%32=C%41C%43=C%30C%34=C%17%18)C=C7)C=C5)C=C(C)C1=C(C6=CC=CC=C6)C3=C(C)C=C(/C=C/C4=CC=C(C8=CC=C(C%58N(C)CC%28%59=C%25C%19=C%24C%22=C%21C%20=C%19C%27=C%53C%20=C%55C%51=C%21C(C%66=C%68C%51=C%56C%69=C%71C%54=C%64C%52=C%53C%54=C%55%56)=C%22C%23=C(C%66=C%67C%68=C%69C%70=C%71%72)C%61=C%26C%23=C%24C%25=C(C%57=C%58%59%60)C%26=C(C%62=C%61C%67=C%70C%62=C%63C%72=C%64%65)C%57=C%63C%65=C%60C%52=C%27%28)C=C8)C=C4)N23,remove
F[B]2(F)[N]1=C(/C=C/C5=CC=CC=C5)C=C(C)C1=C(C6=CC=C(C7=CC=C(C%25N(C)CC%17%26=C%14C8=C%13C%11=C%10C9=C8C%16=C%20C9=C%22C%18=C%10C(C%33=C%35C%18=C%23C%36=C%38C%21=C%31C%19=C%20C%21=C%22%23)=C%11C%12=C(C%33=C%34C%35=C%36C%37=C%38%39)C%28=C%15C%12=C%13C%14=C(C%24=C%25%26%27)C%15=C(C%29=C%28C%34=C%37C%29=C%30C%39=C%31%32)C%24=C%30C%32=C%27C%19=C%16%17)C=C7)C=C6)C3=C(C)C=C(/C=C/C4=CC=CC=C4)N23,remove
F[B]2(F)[N]1=C(/C=C/C5=CC=C(C7=CC=C(C(N(C)CC%29%30=C%31%32)C%18%29=C%15C9=C%14C%12=C%11C%10=C9C%17=C%35C%10=C%37C%33=C%11C(C%44=C%46C%33=C%38C%47=C%49C%36=C%42C%34=C%35C%36=C%37%38)=C%12C%13=C(C%44=C%45C%46=C%47C%48=C%49%50)C%39=C%16C%13=C%14C%15=C%31C%16=C(C%40=C%39C%45=C%48C%40=C%41C%50=C%42%43)C%32=C%41C%43=C%30C%34=C%17%18)C=C7)C=C5)C=C(C)C1=C(C6=CC=C(C%73=CC=C(C%91N(C)CC%83%92=C%80C%74=C%79C%77=C%76C%75=C%74C%82=C%86C%75=C%88C%84=C%76C(C%99=C%101C%84=C%89C%102=C%104C%87=C%97C%85=C%86C%87=C%88%89)=C%77C%78=C(C%99=C%100C%101=C%102C%103=C%104%105)C%94=C%81C%78=C%79C%80=C(C%90=C%91%92%93)C%81=C(C%95=C%94C%100=C%103C%95=C%96C%105=C%97%98)C%90=C%96C%98=C%93C%85=C%82%83)C=C%73)C=C6)C3=C(C)C=C(/C=C/C4=CC=C(C8=CC=C(C%58N(C)CC%28%59=C%25C%19=C%24C%22=C%21C%20=C%19C%27=C%53C%20=C%55C%51=C%21C(C%66=C%68C%51=C%56C%69=C%71C%54=C%64C%52=C%53C%54=C%55%56)=C%22C%23=C(C%66=C%67C%68=C%69C%70=C%71%72)C%61=C%26C%23=C%24C%25=C(C%57=C%58%59%60)C%26=C(C%62=C%61C%67=C%70C%62=C%63C%72=C%64%65)C%57=C%63C%65=C%60C%52=C%27%28)C=C8)C=C4)N23,remove
F[B]([N]3=C(C7=CC=C(OC)C=C7)C(Br)=C(C6=CC=CC=C6)C3=N4)(F)N1C4=C(C5=CC=CC=C5)C(Br)=C1C2=CC=C(OC)C=C2,F[B-](F)(N1C(C2=CC=C(C=C2)OC)=C3Br)[N+]4=C(C(Br)=C(C4=NC1=C3C5=CC=CC=C5)C6=CC=CC=C6)C7=CC=C(C=C7)OC
CC(C(I)=C3C)=C2N3[B](F)(F)[N]1=C(C)C(I)=C(C)C1=C2,CC1=C2N([B-](F)([N+]3=C(C(I)=C(C3=C2)C)C)F)C(C)=C1I
CC(C(I)=C4C)=C2N4[B](F)(F)[N]1=C(C)C(I)=C(C)C1=C2C3=CC=CC=C3,CC1=C2N([B-](F)([N+]3=C(C(I)=C(C3=C2C4=CC=CC=C4)C)C)F)C(C)=C1I
CC(C(I)=C4C)=C2N4[B](F)(F)[N]1=C(C)C(I)=C(C)C1=C2C3=CC(OC)=CC(OC)=C3,CC1=C2N([B-](F)([N+]3=C(C(I)=C(C3=C2C4=CC(OC)=CC(OC)=C4)C)C)F)C(C)=C1I
CC(C(I)=C4C)=C2N4[B](F)(F)[N]1=C(C)C(I)=C(C)C1=C2C3=CC=C(C(OC)=O)C=C3,CC1=C2N([B-](F)([N+]3=C(C(I)=C(C3=C2C4=CC=C(C=C4)C(OC)=O)C)C)F)C(C)=C1I
CC(C(I)=C4C)=C2N4[B](F)(F)[N]1=C(C)C(I)=C(C)C1=C2C3=CC=CS3,CC1=C2N([B-](F)([N+]3=C(C(I)=C(C3=C2C4=CC=CS4)C)C)F)C(C)=C1I
CC(C=C4C)=C2N4[B](F)(F)[N]1=C(C)C(Br)=C(C)C1=C2C3=CC=CC=C3,CC1=C2N([B-](F)([N+]3=C(C(Br)=C(C3=C2C4=CC=CC=C4)C)C)F)C(C)=C1
CC(C(Br)=C4C)=C2N4[B](F)(F)[N]1=C(C)C(Br)=C(C)C1=C2C3=CC=CC=C3,CC(C(Br)=C4C)=C2N4[B](F)(F)[N]1=C(C)C(Br)=C(C)C1=C2C3=CC=CC=C3
BrC(C(Br)=C4)=[N](C4=C2C3=CC=CC=C3)[B](F)(F)N1C2=CC(Br)=C1Br,BrC(C(Br)=C1)=[N+]([B-](F)(N2C3=CC(Br)=C2Br)F)C1=C3C4=CC=CC=C4
BrC(C(Br)=C4Br)=[N](C4=C2C3=CC=CC=C3)[B](F)(F)N1C2=C(Br)C(Br)=C1Br,BrC(C(Br)=C1Br)=[N+]([B-](F)(N2C3=C(C(Br)=C2Br)Br)F)C1=C3C4=CC=CC=C4
F[B]([N]2=CC(I)=CC2=C3[Ar])(F)N1C3=CC(I)=C1,F[B-](F)(N1C2=CC(I)=C1)[N+]3=CC(I)=CC3=C2C4=CC=CC=C4
F[B]([N]2=C(I)C(I)=CC2=C3[Ar])(F)N1C3=CC(I)=C1,F[B-](F)(N1C2=CC(I)=C1)[N+]3=C(C(I)=CC3=C2C4=CC=CC=C4)I
F[B]([N]2=C(I)C(I)=CC2=C3[Ar])(F)N1C3=CC(I)=C1I,F[B-](F)(N1C2=CC(I)=C1I)[N+]3=C(C(I)=CC3=C2C4=CC=CC=C4)I
F[B]([N]3=C(C5=CC=C(Br)C=C5)C(I)=C(C7=C(I)C(OC)=CC(OC)=C7)C3=N4)(F)N1C4=C(C6=CC(OC)=CC(OC)=C6I)C(I)=C1C2=CC=C(Br)C=C2,F[B-](F)(N1C(C2=CC=C(C=C2)Br)=C3I)[N+]4=C(C(I)=C(C4=NC1=C3C5=CC(OC)=CC(OC)=C5I)C6=C(C(OC)=CC(OC)=C6)I)C7=CC=C(C=C7)Br
F[B]([N]3=C(C5=CC=C(OCCOCCOCCOC)C=C5)C(I)=C(C7=CC=C(OCCOCCOCCOC)C=C7)C3=N4)(F)N1C4=C(C6=CC=C(OCCOCCOCCOC)C=C6)C(I)=C1C2=CC=C(OCCOCCOCCOC)C=C2,F[B-](F)(N1C(C2=CC=C(C=C2)OCCOCCOCCOC)=C3I)[N+]4=C(C(I)=C(C4=NC1=C3C5=CC=C(C=C5)OCCOCCOCCOC)C6=CC=C(C=C6)OCCOCCOCCOC)C7=CC=C(C=C7)OCCOCCOCCOC
F[B]([N]3=C(C5=CC=C(OCCCCCCN8CCOCC8)C=C5)C(Br)=C(C7=CC=C(OCCOCCOCCOC)C=C7)C3=N4)(F)N1C4=C(C6=CC=C(OCCOCCOCCOC)C=C6)C(Br)=C1C2=CC=C(OCCOCCOCCOC)C=C2,F[B-](F)(N1C(C2=CC=C(C=C2)OCCOCCOCCOC)=C3Br)[N+]4=C(C(Br)=C(C4=NC1=C3C5=CC=C(C=C5)OCCOCCOCCOC)C6=CC=C(C=C6)OCCOCCOCCOC)C7=CC=C(C=C7)OCCCCCCN8CCOCC8
F[B]([N]3=C(C5=CC=C(OC)C=C5)C(Br)=C(C7=CC(OC)=C(OC)C=C7)C3=N4)(F)N1C4=C(C6=CC=C(OC)C(OC)=C6)C(Br)=C1C2=CC=C(OC)C=C2,F[B-](F)(N1C(C2=CC=C(C=C2)OC)=C3Br)[N+]4=C(C(Br)=C(C4=NC1=C3C5=CC=C(C(OC)=C5)OC)C6=CC(OC)=C(C=C6)OC)C7=CC=C(C=C7)OC
F[B]([N]3=C(C5=CC=C(Br)C=C5)C(I)=C(C7=CC=C(OC)C=C7)C3=N4)(F)N1C4=C(C6=CC=C(OC)C=C6)C(I)=C1C2=CC=C(Br)C=C2,F[B-](F)(N1C(C2=CC=C(C=C2)Br)=C3I)[N+]4=C(C(I)=C(C4=NC1=C3C5=CC=C(C=C5)OC)C6=CC=C(C=C6)OC)C7=CC=C(C=C7)Br
F[B]([N]3=C(C=C(C7=CC=C(Br)S7)S6)C6=C(Br)C3=C4C5=CC=C(C(OC)=O)C=C5)(F)N1C4=CC2=C1C=C(C8=CC=C(Br)S8)S2,F[B-](F)(N1C2=CC3=C1C=C(S3)C4=CC=C(S4)Br)[N+]5=C6C=C(SC6=C(C5=C2C7=CC=C(C=C7)C(OC)=O)Br)C8=CC=C(S8)Br
F[B]([N]3=C(C(Br)=C(C7=CC=C(OC)C=C7)S6)C6=C(Br)C3=C4C5=CC=C(C(NCCSSCCNC(COCCOC)=O)=O)C=C5)(F)N1C4=CC2=C1C(Br)=C(C8=CC=C(OC)C=C8)S2,F[B-](F)(N1C2=CC3=C1C(Br)=C(S3)C4=CC=C(C=C4)OC)[N+]5=C6C(Br)=C(SC6=C(C5=C2C7=CC=C(C=C7)C(NCCSSCCNC(COCCOC)=O)=O)Br)C8=CC=C(C=C8)OC
F[B]([N]4=C(C)C(I)=C(C)C4=C5C6=CC(OC)=CC(OC)=C6)(F)N1C5=C(C)C(I)=C1/C=C/C2=CNC3=C2C=CC=C3,F[B-](F)(N1C2=C(C(I)=C1/C=C/C3=CNC4=C3C=CC=C4)C)[N+]5=C(C(I)=C(C5=C2C6=CC(OC)=CC(OC)=C6)C)C
F[B]([N]3=C(/C=C/C6=CC=C(C)C=C6)C(I)=C(C)C3=C4C5=CC(OC)=CC(OC)=C5)(F)N1C4=C(C)C(I)=C1/C=C/C2=CC=C(C)C=C2,F[B-](F)(N1C2=C(C(I)=C1/C=C/C3=CC=C(C=C3)C)C)[N+]4=C(C(I)=C(C4=C2C5=CC(OC)=CC(OC)=C5)C)/C=C/C6=CC=C(C=C6)C
F[B]([N]3=C(/C=C/C6=CC=C(N(C%10=CC=CC=C%10)C7=CC=CC=C7)C=C6)C=CC3=C4C5=CC=C(Br)S5)(F)N1C4=CC=C1/C=C/C2=CC=C(N(C9=CC=CC=C9)C8=CC=CC=C8)C=C2,F[B-](F)(N1C2=CC=C1/C=C/C3=CC=C(C=C3)N(C4=CC=CC=C4)C5=CC=CC=C5)[N+]6=C(C=CC6=C2C7=CC=C(S7)Br)/C=C/C8=CC=C(C=C8)N(C9=CC=CC=C9)C%10=CC=CC=C%10
F[B]([N]3=C(/C=C/C6=CC=C(OC)C=C6)C(I)=C(C)C3=C4C5=CC=C(OCC[N]7=N[N]C=C7COC(C=C%13)=CC=C%13C(C9=C(C)C=C(/C=C/C%11=CC=C(OC)C=C%11)N9[B](F)%10F)=C8[N]%10=C(/C=C/C%12=CC=C(OC)C=C%12)C=C8C)C=C5)(F)N1C4=C(C)C(I)=C1/C=C/C2=CC=C(OC)C=C2,F[B-](F)(N1C2=C(C(I)=C1/C=C/C3=CC=C(C=C3)OC)C)[N+]4=C(C(I)=C(C4=C2C5=CC=C(C=C5)OCC[N+]6=N[N-]C=C6COC7=CC=C(C(C8=C(C=C(N8[B-](F)9F)/C=C/C%10=CC=C(C=C%10)OC)C)=C%11[N+]9=C(C=C%11C)/C=C/C%12=CC=C(C=C%12)OC)C=C7)C)/C=C/C%13=CC=C(C=C%13)OC
F[B]([N]3=C(/C=C/C6=CC=C(OCC[o]CC[o]CC[o]C)C=C6)C(Br)=C(C)C3=C4C5=CC=C(OCCN7N=NC(CNC(CCC(NC8=NN=C(S(=O)(N)=O)S8)=O)=O)=C7)C=C5)(F)N1C4=C(C)C(Br)=C1/C=C/C2=CC=C(OCC[o]CC[o]CC[o]C)C=C,remove
BrC2=CC([N]([B](F)4F)=C2C3=CC=CN3)=C(C6=CC=CC=C6)C1[N]4=C(C5=CC=CN5)C(Br)=C1,BrC1=CC([N+]([B-]2(F)F)=C1C3=CC=CN3)=C(C4[N+]2=C(C(Br)=C4)C5=CC=CN5)C6=CC=CC=C6
BrC2=C(Br)C([N]([B](F)4F)=C2C3=CC=CN3)=C(C6=CC=CC=C6)C1[N]4=C(C5=CC=CN5)C(Br)=C1Br,BrC1=C(C([N+]([B-]2(F)F)=C1C3=CC=CN3)=C(C4[N+]2=C(C(Br)=C4Br)C5=CC=CN5)C6=CC=CC=C6)Br
CC3=[N]([B](F)2F)C(C(C)=C3)C(C5=[C@]4[N@@]([B](F)(F)N6C5=C(C)C=C6C)=[C@@](C)C=[C@]4C)=C1[N]2=C(C)C=C1C,CC1=[N+](C(C(C2=C3[N+]([B-](F)(N4C2=C(C=C4C)C)F)=C(C=C3C)C)=C5[N+]6=C(C=C5C)C)C(C)=C1)[B-]6(F)F
CC3=[N]([B](F)2F)C(C(C)=C3)C=C1[N]2=C(C)C(C5=[C@]4[N@@]([B](F)(F)N6C5=C(C)C=C6C)=[C@@](C)C=[C@]4C)=C1C,CC1=[N+](C(C=C2[N+]3=C(C(C4=C5[N+]([B-](F)(N6C4=C(C=C6C)C)F)=C(C=C5C)C)=C2C)C)C(C)=C1)[B-]3(F)F
F[B]2(F)[N]1=C(/C=C/C%10=CC=C(OC)C=C%10)C=C(C)C1C=C3[N]2=C(/C=C/C9=CC=C(OC)C=C9)C(C5=C4[N]([B](F)(F)N6C5=C(C)C=C6/C=C/C7=CC=C(OC)C=C7)=C(/C=C/C8=CC=C(OC)C=C8)C=C4C)=C3C,F[B-]1([N+]2=C(C=C(C2C=C3[N+]1=C(C(C4=C5[N+]([B-](F)(N6C4=C(C=C6/C=C/C7=CC=C(C=C7)OC)C)F)=C(C=C5C)/C=C/C8=CC=C(C=C8)OC)=C3C)/C=C/C9=CC=C(C=C9)OC)C)/C=C/C%10=CC=C(C=C%10)OC)F
F[B]2(F)[N]1=C(C)C=C(C)C1C(C4=CC=C(N(CCO)C)C=C4)=C3[N]2=C(C)C=C3C,F[B-]1([N+]2=C(C=C(C2C(C3=CC=C(C=C3)N(C)CCO)=C4[N+]1=C(C=C4C)C)C)C)F
F[B]([N]2=C(C)C(CC)=C(C)C2=C3COC(CCCC4=CC=C(N(CCCl)CCCl)C=C4)=O)(F)N1C3=C(C)C(CC)=C1C,F[B-](F)(N1C2=C(C(CC)=C1C)C)[N+]3=C(C(CC)=C(C3=C2COC(CCCC4=CC=C(C=C4)N(CCCl)CCCl)=O)C)C
F[B]([N]2=C(C)C=C(C)C2=C3[C@@]5=[C@](C=CC=C6)[C@]6=C[C@@]4=CC=CC=[C@]45)(F)N1C3=C(C)C=C1C,F[B-](F)(N1C2=C(C=C1C)C)[N+]3=C(C=C(C3=C2C4=C5C=CC=CC5=CC6=CC=CC=C64)C)C
F[B]([N]2=C(C)C=CC2=C3[C@@]5=[C@](C=CC=C6)[C@]6=C[C@@]4=CC=CC=[C@]45)(F)N1C3=CC=C1C,F[B-](F)(N1C2=CC=C1C)[N+]3=C(C=CC3=C2C4=C5C=CC=CC5=CC6=CC=CC=C64)C
F[B]([N]2=C(C)C=C(C)C2=C3[C@@]4=C(C=CC5=CC=C[C@](C=C7)=[C@@]56)[C@]6=C7C=C4)(F)N1C3=C(C)C=C1C,F[B-](F)(N1C2=C(C=C1C)C)[N+]3=C(C=C(C3=C2C4=C5C=CC6=CC=CC7=C6C5=C(C=C4)C=C7)C)C
F[B]([N]2=C(C)C=C(C)C2=C3C4=CC=C(N(C)C)C=C4)(F)N1C3=C(C)C=C1C,F[B-](F)(N1C2=C(C=C1C)C)[N+]3=C(C=C(C3=C2C4=CC=C(C=C4)N(C)C)C)C
F[B]([N]2=C(C)C=C(C)C2=C3C4=CC=C(N5CCCCC5)C=C4)(F)N1C3=C(C)C=C1C,F[B-](F)(N1C2=C(C=C1C)C)[N+]3=C(C=C(C3=C2C4=CC=C(C=C4)N5CCCCC5)C)C
F[B]([N]2=C(C)C=C(C)C2=C3C4=CC=C(N5CCOCC5)C=C4)(F)N1C3=C(C)C=C1C,F[B-](F)(N1C2=C(C=C1C)C)[N+]3=C(C=C(C3=C2C4=CC=C(C=C4)N5CCOCC5)C)C
F[B]([N]2=C(C)C=C([O]5C)C2=C3C4=C5C=CC=C4)(F)N1C3=C(C)C=C1C,prob
F[B]([N]2=C(C)C=C([O]6C)C2=C3C4=C6C=CC=C4[OMe]5)(F)N1C3=C5C=C1C,prob
F[B]([N]2=C(C)C=C([O]6C)C2=C3C4=C6C=C(OC)C=C4[OMe]5)(F)N1C3=C5C=C1C,prob
F[B]([N]3=C(C)C(C6=CC=C(C%19C%11=CC%22=C%10C%21=C9C8=C%20C7=C(C%23=C%20C%21=C%22C=C%23)C=CC%12=C7C%13=C8C%15=C9C%17=C%10C(CN%19C)%11=C%18C=CC%16=C%14C=CC%12=C%13C%14=C%15C%16=C%17%18)C=C6)=C(C)C3=C4C5=CC=CC=C5)(F)N1C4=C(C)C=C1/C=C/C2=CC=C(N(C)C)C=C2,remove
F[B]([N]3=C(/C=C/C6=CC=C(N(C)C)C=C6)C(C7=CC=C(C%20C%12=CC%23=C%11C%22=C%10C9=C%21C8=C(C%24=C%21C%22=C%23C=C%24)C=CC%13=C8C%14=C9C%16=C%10C%18=C%11C(CN%20C)%12=C%19C=CC%17=C%15C=CC%13=C%14C%15=C%16C%17=C%18%19)C=C7)=C(C)C3=C4C5=CC=CC=C5)(F)N1C4=C(C)C=C1/C=C/C2=CC=C(N(C)C)C=C2,remove
F[B]([N]3=C(/C=C/C6=CC=C(N(C)C)C=C6)C=C(C)C3=C4C5=CC=C(CCN%25C=C(CCOC%26=CC=C(C(C%28=C(C)C=CN%28[B](F)%29F)=C%27[N]%29=CC=C%27C)C=C%26)N=N%25)C=C5)(F)N1C4=C(C)C(C7=CC=C(C(N(C)CC%11=CC%18=C(C%20=C%21C%22=C%23%24)C%17=C%12C%21=C%13C%23=C%14%15)C%11%20=C%22C=CC%24=C%14C=CC8=C%15C%10=C%13C%12=C%16C9=C(C%19=C%16C%17=C%18C=C%19)C=CC8=C9%10)C=C7)=C1/C=C/C2=CC=C(N(C)C)C=C2,remove
CC2=CC(C)=[N](C2=C3)[B@](F)(F)N1C3=C(C)C=C1C,CC1=CC(C)=[N+]([B-](F)(N2C(C)=C3)F)C1=CC2=C3C
CC2=C(I)C(C)=[N](C2=C3)[B@](F)(F)N1C3=C(C)C(I)=C1C,CC1=C(C(C)=[N+]([B-](F)(N2C(C)=C3I)F)C1=CC2=C3C)I
CC2=C(I)C(C)=[N](C2=C3CCC(O)=O)[B@](F)(F)N1C3=C(C)C(I)=C1C,CC1=C(C(C)=[N+]([B-](F)(N2C3=C(C(I)=C2C)C)F)C1=C3CCC(O)=O)I
F[B@@]([N]2=CC(I)=CC2=C3C4=CC=C(C)C=C4)(F)N1C3=CC(I)=C1,F[B-](F)(N1C2=CC(I)=C1)[N+]3=CC(I)=CC3=C2C4=CC=C(C=C4)C
F[B@@]([N]2=C(I)C(I)=CC2=C3C4=CC=C(C)C=C4)(F)N1C3=CC(I)=C1,F[B-](F)(N1C2=CC(I)=C1)[N+]3=C(C(I)=CC3=C2C4=CC=C(C=C4)C)I
F[B@@]([N]2=C(I)C(I)=CC2=C3C4=CC=C(C)C=C4)(F)N1C3=CC(I)=C1I,F[B-](F)(N1C2=CC(I)=C1I)[N+]3=C(C(I)=CC3=C2C4=CC=C(C=C4)C)I
F[B@@]([N]2=C(/C=C/C5=CC=C(N(C)C)C=C5)C(I)=C(C)C2=C3C4=CC=CC=C4)(F)N1C3=C(C)C(I)=C1C,F[B-](F)(N1C2=C(C(I)=C1C)C)[N+]3=C(C(I)=C(C3=C2C4=CC=CC=C4)C)/C=C/C5=CC=C(C=C5)N(C)C
F[B@@]([N]2=C(C)C(C#CC#CC5=C(C)N([B@@](F)(F)[N]6=C(C)C(I)=C(C)C6=C7C8=CC=CC=C8)C7=C5C)=C(C)C2=C3C4=CC=CC=C4)(F)N1C3=C(C)C(I)=C1C,F[B-](F)(N1C2=C(C(I)=C1C)C)[N+]3=C(C(C#CC#CC4=C(N(C5=C4C)[B-](F)([N+]6=C(C(I)=C(C6=C5C7=CC=CC=C7)C)C)F)C)=C(C3=C2C8=CC=CC=C8)C)C
F[B@@]([N]2=C(C)C(C#CC5=C(C)N([B@@](F)(F)[N]6=C(C)C(I)=C(C)C6=C7C8=CC=CC=C8)C7=C5C)=C(C)C2=C3C4=CC=CC=C4)(F)N1C3=C(C)C(I)=C1C,F[B-](F)(N1C2=C(C(I)=C1C)C)[N+]3=C(C(C#CC4=C(N(C5=C4C)[B-](F)([N+]6=C(C(I)=C(C6=C5C7=CC=CC=C7)C)C)F)C)=C(C3=C2C8=CC=CC=C8)C)C
F[B@@]([N]2=C(C)C(C5=CC=C(I)S5)=C(C)C2=C3C4=CC=CC=C4)(F)N1C3=C(C)C(I)=C1C,F[B-](F)(N1C2=C(C(I)=C1C)C)[N+]3=C(C(C4=CC=C(S4)I)=C(C3=C2C5=CC=CC=C5)C)C
F[B@@]([N]2=C(C)C(C5=CC=C(I)S5)=C(C)C2=C3C4=CC=CC=C4)(F)N1C3=C(C)C(C6=CC=C(I)S6)=C1C,F[B-](F)(N1C2=C(C(C3=CC=C(S3)I)=C1C)C)[N+]4=C(C(C5=CC=C(S5)I)=C(C4=C2C6=CC=CC=C6)C)C
F[B@@]([N]3=C(C(Br)=C(C6=CC=C(OC)C=C6)S5)C5=CC3=C4C(F)(F)F)(F)N1C4=CC2=C1C(Br)=C(C7=CC=C(OC)C=C7)S2,F[B-](F)(N1C2=CC3=C1C(Br)=C(S3)C4=CC=C(C=C4)OC)[N+]5=C6C(Br)=C(SC6=CC5=C2C(F)(F)F)C7=CC=C(C=C7)OC
F[B@@]([N]3=C(C(Br)=C(C6=CC=C(OC)C=C6)S5)C5=C(Br)C3=C4C(F)(F)F)(F)N1C4=C(Br)C2=C1C(Br)=C(C7=CC=C(OC)C=C7)S2,F[B-](F)(N1C2=C(C3=C1C(Br)=C(S3)C4=CC=C(C=C4)OC)Br)[N+]5=C6C(Br)=C(SC6=C(C5=C2C(F)(F)F)Br)C7=CC=C(C=C7)OC
F[B@@]([N]3=C(/C=C/C6=CC(OCCOCCOCCOC)=C(OCCOCCOCCOC)C(OCCOCCOCCOC)=C6)C(I)=C(Br)C3=C4C5=CC(OCCOCCOCCOC)=C(OCCOCCOCCOC)C(OCCOCCOCCOC)=C5)(F)N1C4=C(Br)C(I)=C1/C=C/C2=CC(OCCOCCOCCOC)=C(OCCOCCOCCOC)C(OCCOCCOCCOC)=C2,F[B-](F)(N1C2=C(C(I)=C1/C=C/C3=CC(OCCOCCOCCOC)=C(C(OCCOCCOCCOC)=C3)OCCOCCOCCOC)Br)[N+]4=C(C(I)=C(C4=C2C5=CC(OCCOCCOCCOC)=C(C(OCCOCCOCCOC)=C5)OCCOCCOCCOC)Br)/C=C/C6=CC(OCCOCCOCCOC)=C(C(OCCOCCOCCOC)=C6)OCCOCCOCCOC
F[B@@]([N]3=C(/C=C/C6=CC=C(OCCN(C)C)C=C6)C(I)=CC3=C4C5=CC=C(OCCOCCOCCOC)C=C5)(F)N1C4=CC(I)=C1/C=C/C2=CC(OCCOCCOCCOC)=C(OCCOCCOCCOC)C=C2,F[B-](F)(N1C2=CC(I)=C1/C=C/C3=CC(OCCOCCOCCOC)=C(C=C3)OCCOCCOCCOC)[N+]4=C(C(I)=CC4=C2C5=CC=C(C=C5)OCCOCCOCCOC)/C=C/C6=CC=C(C=C6)OCCN(C)C
F[B@@]([N]3=C(C5=CC=C(OC)C=C5)C(Br)=C(C7=CC=CC=C7)C3=N4)(F)N1C4=C(C6=CC=CC=C6)C(Br)=C1C2=CC=C(OC)C=C2,F[B-](F)(N1C(C2=CC=C(C=C2)OC)=C3Br)[N+]4=C(C(Br)=C(C4=NC1=C3C5=CC=CC=C5)C6=CC=CC=C6)C7=CC=C(C=C7)OC
F[B@@]([N]3=C(C5=CC=C(OC)C=C5)C=C(C7=CC=C(C[N+](CC)(C)CC)C=C7)C3=N4)(F)N1C4=C(C6=CC=C(C[N+](CC)(CC)C)C=C6)C=C1C2=CC=C(OC)C=C2,F[B-](F)(N1C(C2=CC=C(C=C2)OC)=C3)[N+]4=C(C=C(C4=NC1=C3C5=CC=C(C=C5)C[N+](CC)(C)CC)C6=CC=C(C=C6)C[N+](C)(CC)CC)C7=CC=C(C=C7)OC
F[B@@]([N]3=C(C5=CC=C(OC)C=C5)C(Br)=C(C7=CC=C(C[N+](CC)(C)CC)C=C7)C3=N4)(F)N1C4=C(C6=CC=C(C[N+](CC)(CC)C)C=C6)C(Br)=C1C2=CC=C(OC)C=C2,F[B-](F)(N1C(C2=CC=C(C=C2)OC)=C3Br)[N+]4=C(C(Br)=C(C4=NC1=C3C5=CC=C(C=C5)C[N+](CC)(C)CC)C6=CC=C(C=C6)C[N+](C)(CC)CC)C7=CC=C(C=C7)OC
F[B@@]([N]2=C(C)C(C(C5=C(C)C=C(C)N5[B@@](F)6F)=C4[N]6=C(C)C=C4C)=C(C)C2=C3)(F)N1C3=C(C)C=C1C,F[B-](F)(N1C(C)=C2)[N+]3=C(C(C(C4=C(C=C(N4[B-](F)5F)C)C)=C6[N+]5=C(C=C6C)C)=C(C3=CC1=C2C)C)C
F[B@@]([N]3=C(/C=C/C6=CC=C(C%21=CC=C(C%39N(C)CC%40=CC%55=C%38C%54=C%37C%36=C%53C%35=C(C%56=C%53C%54=C%55C=C%56)C=CC%41=C%35C%42=C%36C%44=C%37C%46=C%38C%39%40=C%47C=CC%45=C%43C=CC%41=C%42C%43=C%44C%45=C%46%47)C=C%21)C=C6)C=C(C)C3=C4C5=CC=C(C7=CC=C(C%12N(C)CC%13=CC%51=C%11C%50=C%10C9=C%49C8=C(C%52=C%49C%50=C%51C=C%52)C=CC%14=C8C%15=C9C%17=C%10C%19=C%11C%12%13=C%20C=CC%18=C%16C=CC%14=C%15C%16=C%17C%18=C%19%20)C=C7)C=C5)(F)N1C4=C(C)C=C1/C=C/C2=CC=C(C%22=CC=C(C%48C%27=CC%59=C%26C%58=C%25C%24=C%57C%23=C(C%60=C%57C%58=C%59C=C%60)C=CC%28=C%23C%29=C%24C%31=C%25C%33=C%26C(CN%48C)%27=C%34C=CC%32=C%30C=CC%28=C%29C%30=C%31C%32=C%33%34)C=C%22)C=C2,remove
F[B]2(F)[N]1=C5C(SC(C7=CC=C([H])C=C7)=C5)=CC1=C(C(F)(F)F)C3=CC4=C(C=C(C6=CC=C([H])C=C6)S4)N23,F[B-]1([N+]2=C3C(SC(C4=CC=C(C=C4)[H])=C3)=CC2=C(C5=CC6=C(N15)C=C(S6)C7=CC=C(C=C7)[H])C(F)(F)F)F
F[B]2(F)[N]1=C5C(SC(C7=CC=C(C(F)(F)F)C=C7)=C5)=CC1=C(C(F)(F)F)C3=CC4=C(C=C(C6=CC=C(C(F)(F)F)C=C6)S4)N23,F[B-]1([N+]2=C3C(SC(C4=CC=C(C=C4)C(F)(F)F)=C3)=CC2=C(C5=CC6=C(N15)C=C(S6)C7=CC=C(C=C7)C(F)(F)F)C(F)(F)F)F
F[B]2(F)[N]1=C5C(SC(C7=CC=C(F)C=C7)=C5)=CC1=C(C(F)(F)F)C3=CC4=C(C=C(C6=CC=C(F)C=C6)S4)N23,F[B-]1([N+]2=C3C(SC(C4=CC=C(C=C4)F)=C3)=CC2=C(C5=CC6=C(N15)C=C(S6)C7=CC=C(C=C7)F)C(F)(F)F)F
F[B]2(F)[N]1=C(/C=C/C5=CN(CCN8CCOCC8)C6=C5C=CC=C6)C(I)=C(C)C1=C(C4=NC(C(O)=CC=C7)=C7C=C4)C3=C(C)C(I)=C(C)N23,F[B-]1([N+]2=C(C(I)=C(C2=C(C3=C(C(I)=C(N13)C)C)C4=NC5=C(C=C4)C=CC=C5O)C)/C=C/C6=CN(C7=C6C=CC=C7)CCN8CCOCC8)F
F[B]2(F)[N]1=C(/C=C/C5=CN(CCN7CCOCC7)C6=C5C=CC=C6)C(I)=C(C)C1=C(C4=CC=C(I)S4)C3=C(C)C(I)=C(C)N23,F[B-]1([N+]2=C(C(I)=C(C2=C(C3=C(C(I)=C(N13)C)C)C4=CC=C(S4)I)C)/C=C/C5=CN(C6=C5C=CC=C6)CCN7CCOCC7)F
CC3=CC(/C=C/C5=CC=C(N8C(C=CC=C%11)=C%11C(C)(C)C9=C8C=CC=C9)C=C5)=[N](C3=C4)B([F]F)N1C4=C(C)C=C1/C=C/C2=CC=C(N6C(C=CC=C%10)=C%10C(C)(C)C7=C6C=CC=C7)C=C2,CC1=CC(/C=C/C2=CC=C(C=C2)N3C4=C(C(C)(C5=C3C=CC=C5)C)C=CC=C4)=[N+]([B-](N6C(/C=C/C7=CC=C(CC7)N8C9=C(C(C)(C%10=C8C=CC=C%10)C)C=CC=C9)=C%11)(F)F)C1=CC6=C%11C
CC3=CC(/C=C/C6=CC=C(N9C(C=CC=C%12)=C%12C(C)(C)C%10=C9C=CC=C%10)C=C6)=[N](C3=C4C5=C(C)C=CC=C5C)B([F]F)N1C4=C(C)C=C1/C=C/C2=CC=C(N7C(C=CC=C%11)=C%11C(C)(C)C8=C7C=CC=C8)C=C2,CC1=CC(/C=C/C2=CC=C(C=C2)N3C4=C(C(C)(C5=C3C=CC=C5)C)C=CC=C4)=[N+]([B-](N6C7=C(C=C6/C=C/C8=CC=C(C=C8)N9C%10=C(C(C)(C%11=C9C=CC=C%11)C)C=CC=C%10)C)(F)F)C1=C7C%12=C(C=CC=C%12C)C
CC3=CC(/C=C/C6=CC=C(N9C(C=CC=C%12)=C%12C(C)(C)C%10=C9C=CC=C%10)C=C6)=[N](C3=C4C5=C(Cl)C=CC=C5Cl)B([F]F)N1C4=C(C)C=C1/C=C/C2=CC=C(N7C(C=CC=C%11)=C%11C(C)(C)C8=C7C=CC=C8)C=C2,CC1=CC(/C=C/C2=CC=C(C=C2)N3C4=C(C(C)(C5=C3C=CC=C5)C)C=CC=C4)=[N+]([B-](N6C7=C(C=C6/C=C/C8=CC=C(C=C8)N9C%10=C(C(C)(C%11=C9C=CC=C%11)C)C=CC=C%10)C)(F)F)C1=C7C%12=C(C=CC=C%12Cl)Cl
CC3=CC(/C=C/C5=CC=C(N8C(C=CC=C%11)=C%11C(C)(C)C9=C8C=CC=C9)S5)=[N](C3=C4)B([F]F)N1C4=C(C)C=C1/C=C/C2=CC=C(N6C(C=CC=C%10)=C%10C(C)(C)C7=C6C=CC=C7)S2,CC1=CC(/C=C/C2=CC=C(S2)N3C4=C(C(C)(C5=C3C=CC=C5)C)C=CC=C4)=[N+]([B-](N6C(/C=C/C7=CC=C(S7)N8C9=C(C(C)(C%10=C8C=CC=C%10)C)C=CC=C9)=C%11)(F)F)C1=CC6=C%11C
CC3=CC(/C=C/C6=CC=C(N9C(C=CC=C%12)=C%12C(C)(C)C%10=C9C=CC=C%10)S6)=[N](C3=C4C5=C(C)C=CC=C5C)B([F]F)N1C4=C(C)C=C1/C=C/C2=CC=C(N7C(C=CC=C%11)=C%11C(C)(C)C8=C7C=CC=C8)S2,CC1=CC(/C=C/C2=CC=C(S2)N3C4=C(C(C)(C5=C3C=CC=C5)C)C=CC=C4)=[N+]([B-](N6C7=C(C=C6/C=C/C8=CC=C(S8)N9C%10=C(C(C)(C%11=C9C=CC=C%11)C)C=CC=C%10)C)(F)F)C1=C7C%12=C(C=CC=C%12C)C
CC3=CC(/C=C/C6=CC=C(N9C(C=CC=C%12)=C%12C(C)(C)C%10=C9C=CC=C%10)S6)=[N](C3=C4C5=C(Cl)C=CC=C5Cl)B([F]F)N1C4=C(C)C=C1/C=C/C2=CC=C(N7C(C=CC=C%11)=C%11C(C)(C)C8=C7C=CC=C8)S2,CC1=CC(/C=C/C2=CC=C(S2)N3C4=C(C(C)(C5=C3C=CC=C5)C)C=CC=C4)=[N+]([B-](N6C7=C(C=C6/C=C/C8=CC=C(S8)N9C%10=C(C(C)(C%11=C9C=CC=C%11)C)C=CC=C%10)C)(F)F)C1=C7C%12=C(C=CC=C%12Cl)Cl
O=C(C)C(C(C)=O)C2=C1[N]([B](F)(F)N3C2=CC(C4=CC=CS4)=C3C)=C(C)C(C5=CC=CS5)=C1,O=C(C(C1=C2[N+]([B-](F)(N3C1=CC(C4=CC=CS4)=C3C)F)=C(C(C5=CC=CS5)=C2)C)C(C)=O)C
CC1=[N]3C(=C(C4=CC=C(O)C=C4)C2=C(C)C([H])C(C)=[N]2[B](F)3F)=C(C)C1[H],CC1=C([H])C(C)=C2N1[B-](F)(F)[N+]3=C(C)C([H])=C(C)C3=C2C4=CC=C(O)C=C4
CC1=[N]3C(=C(C4=CC(Br)=C(O)C(Br)=C4)C2=C(C)C([H])C(C)=[N]2[B](F)3F)=C(C)C1[H],CC1=[N+]2C(C(C3=C(C(C(C)=[N+]3[B-]2(F)F)[H])C)C4=CC(Br)=C(C(Br)=C4)O)=C(C1[H])C
CC1=[N]3C(=C(C4=C(Br)C(O)=C(Br)C=C4Br)C2=C(C)C([H])C(C)=[N]2[B](F)3F)=C(C)C1[H],CC1=[N+]2C(C(C3=C(C(C(C)=[N+]3[B-]2(F)F)[H])C)C4=C(C(O)=C(C=C4Br)Br)Br)=C(C1[H])C
CC1=[N]3C(=C(C4=CC=C(O)C=C4)C2=C(C)C(I)C(C)=[N]2[B](F)3F)=C(C)C1[H],CC1=[N+]2C(C(C3=C(C(C(C)=[N+]3[B-]2(F)F)I)C)C4=CC=C(C=C4)O)=C(C1[H])C
CC1=[N]3C(=C(C4=CC(Br)=C(O)C(Br)=C4)C2=C(C)C(I)C(C)=[N]2[B](F)3F)=C(C)C1[H],CC1=[N+]2C(C(C3=C(C(C(C)=[N+]3[B-]2(F)F)I)C)C4=CC(Br)=C(C(Br)=C4)O)=C(C1[H])C
CC1=[N]3C(=C(C4=C(Br)C(O)=C(Br)C=C4Br)C2=C(C)C(I)C(C)=[N]2[B](F)3F)=C(C)C1[H],CC1=[N+]2C(C(C3=C(C(C(C)=[N+]3[B-]2(F)F)I)C)C4=C(C(O)=C(C=C4Br)Br)Br)=C(C1[H])C
CC1=[N]3C(=C(C4=CC=C(O)C=C4)C2=C(C)C(I)C(C)=[N]2[B](F)3F)=C(C)C1I,CC1=[N+]2C(C(C3=C(C(C(C)=[N+]3[B-]2(F)F)I)C)C4=CC=C(C=C4)O)=C(C1I)C
CC1=[N]3C(=C(C4=CC(Br)=C(O)C(Br)=C4)C2=C(C)C(I)C(C)=[N]2[B](F)3F)=C(C)C1I,CC1=[N+]2C(C(C3=C(C(C(C)=[N+]3[B-]2(F)F)I)C)C4=CC(Br)=C(C(Br)=C4)O)=C(C1I)C
CC1=[N]3C(=C(C4=C(Br)C(O)=C(Br)C=C4Br)C2=C(C)C(I)C(C)=[N]2[B](F)3F)=C(C)C1I,CC1=[N+]2C(C(C3=C(C(C(C)=[N+]3[B-]2(F)F)I)C)C4=C(C(O)=C(C=C4Br)Br)Br)=C(C1I)C
CC1=[N]3C(=C([C@@]4=[C@@](C=CC=C5)[C@@]5=CC=C4)C2=C(C)CC(C)=[N]2B3[F]F)=C(C)C1,CC1=[N+]2C(C(C3=C(CC(C)=[N+]3B2[F+]F)C)C4=C5C=CC=CC5=CC=C4)=C(C1)C
CC1=[N]3C(=C([C@@]4=[C@@](C=CC=C5)[C@@]5=[C@](OC)C=C4)C2=C(C)CC(C)=[N]2B3[F]F)=C(C)C1,CC1=[N+]2C(C(C3=C(CC(C)=[N+]3B2[F+]F)C)C4=C5C=CC=CC5=C(C=C4)OC)=C(C1)C
CC1=[N]3C(=CC2=C(C)CC(C)=[N]2B3[F]F)=C(C)C1,CC1=[N+]2C(CC3=C(CC(C)=[N+]3B2[F+]F)C)=C(C1)C
CC1=[N]3C(=C([C@@]4=[C@@](C(C(O)=O)=CC=C5)[C@@]5=CC=C4)C2=C(C)CC(C)=[N]2B3[F]F)=C(C)C1,CC1=[N+]2C(C(C3=C(CC(C)=[N+]3B2[F+]F)C)C4=C5C(C(O)=O)=CC=CC5=CC=C4)=C(C1)C
F[F]B2[N]1=CCC=C1=C([C@@]4=[C@@](C(C(O)=O)=CC=C5)[C@@]5=CC=C4)C3=CCC=[N]23,F[F+]B1[N+]2=CCC=C2C(C3=CCC=[N+]13)C4=C5C(C(O)=O)=CC=CC5=CC=C4
CC1=C(I)C(C)=[N]([B](F)(F)N4C3=C(C)C(I)=C4C)C1=C3C2=CC=C(OCCN=[N+]=[N-])C=C2,CC1=C(C(C)=[N+](C1=C2C3=CC=C(C=C3)OCCN=[N+]=[N-])[B-](F)(N4C2=C(C(I)=C4C)C)F)I
F[B](N4C3=CC=C4C5=CC=C[Se]5)(F)[N]1=C(C6=CC=C[Se]6)C=CC1=C3C2=C(C)C=C(C)C=C2C,F[B-](F)([N+]1=C(C=CC1=C2C3=C(C=C(C=C3C)C)C)C4=CC=C[Se]4)N5C2=CC=C5C6=CC=C[Se]6
F[B](N4C3=CC(C5=CC=C[Se]5)=C4)(F)[N]1=CC(C6=CC=C[Se]6)=CC1=C3C2=C(C)C=C(C)C=C2C,F[B-](F)([N+]1=CC(C2=CC=C[Se]2)=CC1=C3C4=C(C=C(C=C4C)C)C)N5C3=CC(C6=CC=C[Se]6)=C5
F[B](N4C3=CC(C7=CC=C[Se]7)=C4C5=CC=C[Se]5)(F)[N]1=C(C6=CC=C[Se]6)C(C8=CC=C[Se]8)=CC1=C3C2=C(C)C=C(C)C=C2C,F[B-](F)([N+]1=C(C(C2=CC=C[Se]2)=CC1=C3C4=C(C=C(C=C4C)C)C)C5=CC=C[Se]5)N6C3=CC(C7=CC=C[Se]7)=C6C8=CC=C[Se]8
F[B](N4C3=CC=C4C5=CC=C(I)[Se]5)(F)[N]1=C(C6=CC=C(I)[Se]6)C=CC1=C3C2=C(C)C=C(C)C=C2C,F[B-](F)([N+]1=C(C=CC1=C2C3=C(C=C(C=C3C)C)C)C4=CC=C([Se]4)I)N5C2=CC=C5C6=CC=C([Se]6)I
F[B](N4C3=CC=C4C5=CC=C(C8=CC=C(N8[B](F)9F)C(C%11=C(C)C=C(C)C=C%11C)=C7[N]9=C(C%10=CC=C[Se]%10)C=C7)[Se]5)(F)[N]1=C(C6=CC=C[Se]6)C=CC1=C3C2=C(C)C=C(C)C=C2C,F[B-](F)([N+]1=C(C=CC1=C2C3=C(C=C(C=C3C)C)C)C4=CC=C[Se]4)N5C2=CC=C5C6=CC=C([Se]6)C7=CC=C(C(C8=C(C=C(C=C8C)C)C)=C9[N+]%10=C(C=C9)C%11=CC=C[Se]%11)N7[B-]%10(F)F
F[B](N4C3=CC=C4C5=CC=CS5)(F)[N]1=C(C6=CC=CS6)C=CC1=C3C2=C(C)C=C(C)C=C2C,F[B-](F)([N+]1=C(C=CC1=C2C3=C(C=C(C=C3C)C)C)C4=CC=CS4)N5C2=CC=C5C6=CC=CS6
F[B]2(F)N1C(C(C6=C(C)C=C(C)C=C6C)=C3[N]2=CC(C4=CC=CS4)=C3)=CC(C5=CC=CS5)=C1,F[B-]1(N2C(C(C3=C(C=C(C=C3C)C)C)=C4[N+]1=CC(C5=CC=CS5)=C4)=CC(C6=CC=CS6)=C2)F
F[B](N4C3=CC(C7=CC=CS7)=C4C5=CC=CS5)(F)[N]1=C(C6=CC=CS6)C(C8=CC=CS8)=CC1=C3C2=C(C)C=C(C)C=C2C,F[B-](F)([N+]1=C(C(C2=CC=CS2)=CC1=C3C4=C(C=C(C=C4C)C)C)C5=CC=CS5)N6C3=CC(C7=CC=CS7)=C6C8=CC=CS8
F[B](N4C3=CC=C4C5=CC=C(C8=CC=C(N8[B](F)9F)C(C%11=C(C)C=C(C)C=C%11C)=C7[N]9=C(C%10=CC=CS%10)C=C7)S5)(F)[N]1=C(C6=CC=CS6)C=CC1=C3C2=C(C)C=C(C)C=C2C,F[B-](F)([N+]1=C(C=CC1=C2C3=C(C=C(C=C3C)C)C)C4=CC=CS4)N5C2=CC=C5C6=CC=C(S6)C7=CC=C(C(C8=C(C=C(C=C8C)C)C)=C9[N+]%10=C(C=C9)C%11=CC=CS%11)N7[B-]%10(F)F
CC3=[N]2[B](F)(F)N1C(C(C4=CC=C(CN5C(C7=NC=CC=C7)=NC6=C5C=CC=C6)C=C4)=C2C(C)=C3I)=C(C)C(I)=C1C,CC1=[N+]2[B-](F)(N3C(C(C4=CC=C(C=C4)CN5C(C6=NC=CC=C6)=NC7=C5C=CC=C7)=C2C(C)=C1I)=C(C(I)=C3C)C)F
BrC(C=C4)=[N](C4=C2C3=CC=C(Br)S3)[B](F)(F)N1C2=CC=C1Br,BrC(C=C1)=[N+]([B-](F)(N2C3=CC=C2Br)F)C1=C3C4=CC=C(S4)Br
BrC(S4)=CC=C4C(C2=CC(Br)=CN2[B](F)3F)=C1[N]3=CC(Br)=C1,BrC1=CC=C(C(C2=CC(Br)=CN2[B-](F)3F)=C4[N+]3=CC(Br)=C4)S1
BrC(S4)=CC=C4C(C2=CC=CN2[B](F)3F)=C1[N]3=CC(Br)=C1,BrC1=CC=C(C(C2=CC=CN2[B-](F)3F)=C4[N+]3=CC(Br)=C4)S1
CC1=C(I)C(/C=C/C4=CC=C(OC)C=C4)=[N]3C1=C(C6=CC=C(OCCCN7C=C(CO[P@@]8(OC)=N[P@](OC)(OC)=N[P@@](OC)(OC)=N8)N=N7)C=C6)C2=C(C)C(I)=C(/C=C/C5=CC=C(OC)C=C5)N2[B](F)3F,CC1=C(C(/C=C/C2=CC=C(C=C2)OC)=[N+]3C1=C(C4=C(C(I)=C(N4[B-]3(F)F)/C=C/C5=CC=C(C=C5)OC)C)C6=CC=C(C=C6)OCCCN7C=C(N=N7)COP8(OC)=NP(OC)(OC)=NP(OC)(OC)=N8)I
CC1=C(I)C(/C=C/C4=CC=C(Br)C=C4)=[N]3C1=C(C6=CC=C(OCCCN7C=C(CO[P@@]8(OC)=N[P@@](OC)(OC)=N[P@@](OC)(OC)=N8)N=N7)C=C6)C2=C(C)C(I)=C(/C=C/C5=CC=C(Br)C=C5)N2[B](F)3F,CC1=C(C(/C=C/C2=CC=C(C=C2)Br)=[N+]3C1=C(C4=C(C(I)=C(N4[B-]3(F)F)/C=C/C5=CC=C(C=C5)Br)C)C6=CC=C(C=C6)OCCCN7C=C(N=N7)COP8(OC)=NP(OC)(OC)=NP(OC)(OC)=N8)I
CC1=C(I)C(/C=C/C4=CC=C([H])C=C4)=[N]3C1=C(C6=CC=C(OCCCN7C=C(CO[P@@]8(OC)=N[P@](OC)(OC)=N[P@@](OC)(OC)=N8)N=N7)C=C6)C2=C(C)C(I)=C(/C=C/C5=CC=C([H])C=C5)N2[B](F)3F,CC1=C(C(/C=C/C2=CC=C(C=C2)[H])=[N+]3C1=C(C4=C(C(I)=C(N4[B-]3(F)F)/C=C/C5=CC=C(C=C5)[H])C)C6=CC=C(C=C6)OCCCN7C=C(N=N7)COP8(OC)=NP(OC)(OC)=NP(OC)(OC)=N8)I
CC4=C2N(C(/C=C/C5=CC(OCCOCCOCCOC)=C(OCCOCCOCCOC)C(OCCOCCOCCOC)=C5)=C4[H])[B](F)(F)[N]1=C(/C=C/C6=CC(OCCOCCOCCOC)=C(OCCOCCOCCOC)C(OCCOCCOCCOC)=C6)C([H])=C(C)C1=C2C3=CC=C(OCCCCN=[N+]=[N-])C=C3,CC1=C2N([B-](F)([N+]3=C(C([H])=C(C3=C2C4=CC=C(C=C4)OCCCCN=[N+]=[N-])C)/C=C/C5=CC(OCCOCCOCCOC)=C(C(OCCOCCOCCOC)=C5)OCCOCCOCCOC)F)C(/C=C/C6=CC(OCCOCCOCCOC)=C(C(OCCOCCOCCOC)=C6)OCCOCCOCCOC)=C1[H]
CC4=C2N(C(/C=C/C5=CC(OCCOCCOCCOC)=C(OCCOCCOCCOC)C(OCCOCCOCCOC)=C5)=C4Br)[B](F)(F)[N]1=C(/C=C/C6=CC(OCCOCCOCCOC)=C(OCCOCCOCCOC)C(OCCOCCOCCOC)=C6)C(Br)=C(C)C1=C2C3=CC=C(OCCCCN=[N+]=[N-])C=C3,CC1=C2N([B-](F)([N+]3=C(C(Br)=C(C3=C2C4=CC=C(C=C4)OCCCCN=[N+]=[N-])C)/C=C/C5=CC(OCCOCCOCCOC)=C(C(OCCOCCOCCOC)=C5)OCCOCCOCCOC)F)C(/C=C/C6=CC(OCCOCCOCCOC)=C(C(OCCOCCOCCOC)=C6)OCCOCCOCCOC)=C1Br
CC4=C2N(C(/C=C/C5=CC(OCCOCCOCCOC)=C(OCCOCCOCCOC)C(OCCOCCOCCOC)=C5)=C4I)[B](F)(F)[N]1=C(/C=C/C6=CC(OCCOCCOCCOC)=C(OCCOCCOCCOC)C(OCCOCCOCCOC)=C6)C(I)=C(C)C1=C2C3=CC=C(OCCCCN=[N+]=[N-])C=C3,CC1=C2N([B-](F)([N+]3=C(C(I)=C(C3=C2C4=CC=C(C=C4)OCCCCN=[N+]=[N-])C)/C=C/C5=CC(OCCOCCOCCOC)=C(C(OCCOCCOCCOC)=C5)OCCOCCOCCOC)F)C(/C=C/C6=CC(OCCOCCOCCOC)=C(C(OCCOCCOCCOC)=C6)OCCOCCOCCOC)=C1I
CC4=C2N(C(/C=C/C5=CC(OCCOCCOCCOC)=C(OCCOCCOCCOC)C(OCCOCCOCCOC)=C5)=C4[H])[B](F)(F)[N]1=C(/C=C/C7=CC(OCCOCCOCCOC)=C(OCCOCCOCCOC)C(OCCOCCOCCOC)=C7)C([H])=C(C)C1=C2C3=CC=C(OCCCCN6C=C(CO[B]8(N%12%13)N9C%10=NC%12=C%16C(C=CC=C%16)=C%13N=C%14[N]8=C(C%15=C%14C=CC=C%15)N=C9C%11=C%10C=CC=C%11)N=N6)C=C3,CC1=C2N([B-](F)([N+]3=C(C([H])=C(C3=C2C4=CC=C(C=C4)OCCCCN5C=C(N=N5)CO[B-]6(N7C8=N9)N%10C9=C%11C(C=CC=C%11)=C%10N=C%12[N+]6=C(N=C7C%13=C8C=CC=C%13)C%14=C%12C=CC=C%14)C)/C=C/C%15=CC(OCCOCCOCCOC)=C(C(OCCOCCOCCOC)=C%15)OCCOCCOCCOC)F)C(/C=C/C%16=CC(OCCOCCOCCOC)=C(C(OCCOCCOCCOC)=C%16)OCCOCCOCCOC)=C1[H]
CC4=C2N(C(/C=C/C5=CC(OCCOCCOCCOC)=C(OCCOCCOCCOC)C(OCCOCCOCCOC)=C5)=C4Br)[B](F)(F)[N]1=C(/C=C/C7=CC(OCCOCCOCCOC)=C(OCCOCCOCCOC)C(OCCOCCOCCOC)=C7)C(Br)=C(C)C1=C2C3=CC=C(OCCCCN6C=C(CO[B]8(N%12%13)N9C%10=NC%12=C%16C(C=CC=C%16)=C%13N=C%14[N]8=C(C%15=C%14C=CC=C%15)N=C9C%11=C%10C=CC=C%11)N=N6)C=C3,CC1=C2N([B-](F)([N+]3=C(C(Br)=C(C3=C2C4=CC=C(C=C4)OCCCCN5C=C(N=N5)CO[B-]6(N7C8=N9)N%10C9=C%11C(C=CC=C%11)=C%10N=C%12[N+]6=C(N=C7C%13=C8C=CC=C%13)C%14=C%12C=CC=C%14)C)/C=C/C%15=CC(OCCOCCOCCOC)=C(C(OCCOCCOCCOC)=C%15)OCCOCCOCCOC)F)C(/C=C/C%16=CC(OCCOCCOCCOC)=C(C(OCCOCCOCCOC)=C%16)OCCOCCOCCOC)=C1Br
CC4=C2N(C(/C=C/C5=CC(OCCOCCOCCOC)=C(OCCOCCOCCOC)C(OCCOCCOCCOC)=C5)=C4I)[B](F)(F)[N]1=C(/C=C/C7=CC(OCCOCCOCCOC)=C(OCCOCCOCCOC)C(OCCOCCOCCOC)=C7)C(I)=C(C)C1=C2C3=CC=C(OCCCCN6C=C(CO[B]8(N%12%13)N9C%10=NC%12=C%16C(C=CC=C%16)=C%13N=C%14[N]8=C(C%15=C%14C=CC=C%15)N=C9C%11=C%10C=CC=C%11)N=N6)C=C3,CC1=C2N([B-](F)([N+]3=C(C(I)=C(C3=C2C4=CC=C(C=C4)OCCCCN5C=C(N=N5)CO[B-]6(N7C8=N9)N%10C9=C%11C(C=CC=C%11)=C%10N=C%12[N+]6=C(N=C7C%13=C8C=CC=C%13)C%14=C%12C=CC=C%14)C)/C=C/C%15=CC(OCCOCCOCCOC)=C(C(OCCOCCOCCOC)=C%15)OCCOCCOCCOC)F)C(/C=C/C%16=CC(OCCOCCOCCOC)=C(C(OCCOCCOCCOC)=C%16)OCCOCCOCCOC)=C1I
CC2=C(/C=C(Br)\Br)C(C)=[N](C2=C3C4=CC=CC=C4)[B](F)(F)N1C3=C(C)C=C1C,CC1=C(C(C)=[N+]([B-](F)(N2C3=C(C=C2C)C)F)C1=C3C4=CC=CC=C4)/C=C(Br)\Br
CC2=C(/C=C(Br)\Br)C(C)=[N](C2=C3C4=CC=CC=C4)[B](F)(F)N1C3=C(C)C(/C=C(Br)\Br)=C1C,CC1=C(C(C)=[N+]([B-](F)(N2C3=C(C(/C=C(Br)\Br)=C2C)C)F)C1=C3C4=CC=CC=C4)/C=C(Br)\Br
[R]C(C2=C(C)C(Br)=C(C)N2[B](F)3F)=C1[N]3=C(C)C(Br)=C1C,[R]C(C1=C(C(Br)=C(N1[B-](F)2F)C)C)=C3[N+]2=C(C(Br)=C3C)C
[R]C(C2=C(C)C(I)=C(C)N2[B](F)3F)=C1[N]3=C(C)C(I)=C1C,[R]C(C1=C(C(I)=C(N1[B-](F)2F)C)C)=C3[N+]2=C(C(I)=C3C)C
F[B]([N]3=C(C5=CC=C(OC)C=C5)C=C(C6=CC=CC=C6)C3=N4)(F)N1C4=C(C7=CC=CC=C7)C=C1C2=CC=C(OC)C=C2,F[B-](F)(N1C(C2=CC=C(C=C2)OC)=C3)[N+]4=C(C=C(C4=NC1=C3C5=CC=CC=C5)C6=CC=CC=C6)C7=CC=C(C=C7)OC
F[B]([N]3=C(C5=CC=C(OC)C=C5)C(Br)=C(C6=CC=CC=C6)C3=N4)(F)N1C4=C(C7=CC=CC=C7)C(Br)=C1C2=CC=C(OC)C=C2,F[B-](F)(N1C(C2=CC=C(C=C2)OC)=C3Br)[N+]4=C(C(Br)=C(C4=NC1=C3C5=CC=CC=C5)C6=CC=CC=C6)C7=CC=C(C=C7)OC
F[B]([N]3=C(C5=CC=C(OC)C=C5)C(I)=C(C6=CC=CC=C6)C3=N4)(F)N1C4=C(C7=CC=CC=C7)C(I)=C1C2=CC=C(OC)C=C2,F[B-](F)(N1C(C2=CC=C(C=C2)OC)=C3I)[N+]4=C(C(I)=C(C4=NC1=C3C5=CC=CC=C5)C6=CC=CC=C6)C7=CC=C(C=C7)OC
F[B]([N]3=C(C5=CC=C(OC)C=C5)C(Br)=C(C6=CC=CC=C6)C3=N4)(F)N1C4=C(C7=CC=CC=C7)C=C1C2=CC=C(OC)C=C2,F[B-](F)(N1C(C2=CC=C(C=C2)OC)=C3)[N+]4=C(C(Br)=C(C4=NC1=C3C5=CC=CC=C5)C6=CC=CC=C6)C7=CC=C(C=C7)OC
F[B]([N]3=C(C5=CC=C(OC)C=C5)C(I)=C(C6=CC=CC=C6)C3=N4)(F)N1C4=C(C7=CC=CC=C7)C=C1C2=CC=C(OC)C=C2,F[B-](F)(N1C(C2=CC=C(C=C2)OC)=C3)[N+]4=C(C(I)=C(C4=NC1=C3C5=CC=CC=C5)C6=CC=CC=C6)C7=CC=C(C=C7)OC
F[B]([N]3=C(C5=CC=C(OC)C=C5)C(I)=C(C6=CC=CC=C6)C3=N4)(F)N1C4=C(C7=CC=CC=C7)C(Br)=C1C2=CC=C(OC)C=C2,F[B-](F)(N1C(C2=CC=C(C=C2)OC)=C3Br)[N+]4=C(C(I)=C(C4=NC1=C3C5=CC=CC=C5)C6=CC=CC=C6)C7=CC=C(C=C7)OC
F[B]([N]3=C(C5=CC=C(C)C=C5)C(Br)=C(C6=CC=CC=C6)C3=N4)(F)N1C4=C(C7=CC=CC=C7)C(Br)=C1C2=CC=C(C)C=C2,F[B-](F)(N1C(C2=CC=C(C=C2)C)=C3Br)[N+]4=C(C(Br)=C(C4=NC1=C3C5=CC=CC=C5)C6=CC=CC=C6)C7=CC=C(C=C7)C
F[B]([N]3=C(C5=CC=C(C)C=C5)C(I)=C(C6=CC=CC=C6)C3=N4)(F)N1C4=C(C7=CC=CC=C7)C(I)=C1C2=CC=C(C)C=C2,F[B-](F)(N1C(C2=CC=C(C=C2)C)=C3I)[N+]4=C(C(I)=C(C4=NC1=C3C5=CC=CC=C5)C6=CC=CC=C6)C7=CC=C(C=C7)C
F[B]([N]3=C(C5=CC=C(C)C=C5)C(Br)=C(C6=CC=CC=C6)C3=N4)(F)N1C4=C(C7=CC=CC=C7)C([H])=C1C2=CC=C(C)C=C2,F[B-](F)(N1C(C2=CC=C(C=C2)C)=C3[H])[N+]4=C(C(Br)=C(C4=NC1=C3C5=CC=CC=C5)C6=CC=CC=C6)C7=CC=C(C=C7)C
F[B]([N]3=C(C5=CC=C(C)C=C5)C(I)=C(C6=CC=CC=C6)C3=N4)(F)N1C4=C(C7=CC=CC=C7)C([H])=C1C2=CC=C(C)C=C2,F[B-](F)(N1C(C2=CC=C(C=C2)C)=C3[H])[N+]4=C(C(I)=C(C4=NC1=C3C5=CC=CC=C5)C6=CC=CC=C6)C7=CC=C(C=C7)C
F[B]([N]3=C(C5=CC=C(C)S5)C(I)=C(C7=CC=CC=C7)C3=N4)(F)N1C4=C(C6=CC=CC=C6)C(I)=C1C2=CC=C(C)S2,F[B-](F)(N1C(C2=CC=C(S2)C)=C3I)[N+]4=C(C(I)=C(C4=NC1=C3C5=CC=CC=C5)C6=CC=CC=C6)C7=CC=C(S7)C
F[B]([N]3=C(C5=CC=C(C)S5)C(I)=C(C6=CC=CC=C6)C3=N4)(F)N1C4=C(C7=CC=CC=C7)C([H])=C1C2=CC=C(C)S2,F[B-](F)(N1C(C2=CC=C(S2)C)=C3[H])[N+]4=C(C(I)=C(C4=NC1=C3C5=CC=CC=C5)C6=CC=CC=C6)C7=CC=C(S7)C
[p-MeOPh]C(C(Br)=C5C6=CC=CC=C6)=[N](C5=N4)[B](F)(F)N1C4=C(C7=CC=CC=C7)C3=C1C2=CC=C(OC)C=C2CC3,BrC(C(C1=CC=C(OC)C=C1)=[N+]([B-](F)(N2C3=C4CCC5=CC(OC)=CC=C35)F)C6=NC2=C4C7=CC=CC=C7)=C6C8=CC=CC=C8
[p-MePh]C(C(Br)=C5C6=CC=CC=C6)=[N](C5=N4)[B](F)(F)N1C4=C(C7=CC=CC=C7)C3=C1C2=CC=C(OC)C=C2CC3,BrC(C(C1=CC=C(C)C=C1)=[N+]([B-](F)(N2C3=C4CCC5=CC(OC)=CC=C35)F)C6=NC2=C4C7=CC=CC=C7)=C6C8=CC=CC=C8
[5-Me-thiophen-2-yl]C(C(Br)=C5C6=CC=CC=C6)=[N](C5=N4)[B](F)(F)N1C4=C(C7=CC=CC=C7)C3=C1C2=CC=C(OC)C=C2CC3,BrC(C(C1=CC=C(C)S1)=[N+]([B-](F)(N2C3=C4CCC5=CC(OC)=CC=C35)F)C6=NC2=C4C7=CC=CC=C7)=C6C8=CC=CC=C8
[p-MeOPh]C(C(I)=C5C6=CC=CC=C6)=[N](C5=N4)[B](F)(F)N1C4=C(C7=CC=CC=C7)C3=C1C2=CC=C(OC)C=C2CC3,IC(C(C1=CC=C(OC)C=C1)=[N+]([B-](F)(N2C3=C4CCC5=CC(OC)=CC=C35)F)C6=NC2=C4C7=CC=CC=C7)=C6C8=CC=CC=C8
[p-MePh]C(C(I)=C5C6=CC=CC=C6)=[N](C5=N4)[B](F)(F)N1C4=C(C7=CC=CC=C7)C3=C1C2=CC=C(OC)C=C2CC3,IC(C(C1=CC=C(C)C=C1)=[N+]([B-](F)(N2C3=C4CCC5=CC(OC)=CC=C35)F)C6=NC2=C4C7=CC=CC=C7)=C6C8=CC=CC=C8
[5-Me-thiophen-2-yl]C(C(I)=C5C6=CC=CC=C6)=[N](C5=N4)[B](F)(F)N1C4=C(C7=CC=CC=C7)C3=C1C2=CC=C(OC)C=C2CC3,IC(C(C1=CC=C(C)S1)=[N+]([B-](F)(N2C3=C4CCC5=CC(OC)=CC=C35)F)C6=NC2=C4C7=CC=CC=C7)=C6C8=CC=CC=C8
[thiophen-2-yl]C(C(I)=C5C6=CC=CC=C6)=[N](C5=N4)[B](F)(F)N1C4=C(C7=CC=CC=C7)C3=C1C2=CC=C(OC)C=C2CC3,IC(C(C1=CC=CS1)=[N+]([B-](F)(N2C3=C4CCC5=CC(OC)=CC=C35)F)C6=NC2=C4C7=CC=CC=C7)=C6C8=CC=CC=C8
CC2=C1N(C(C)=C2[H])[B](F)(F)[N](C(C(C)=C3[H])=C1)=C3C,CC1=C2N([B-](F)([N+]3=C(C)C([H])=C(C)C3=C2)F)C(C)=C1[H]
CC2=C1N(C(C)=C2C5=C3[N]([B](F)(F)N6C5=C(C)C([H])=C6C)=C(C)C([H])=C3C)[B](F)(F)[N](C(C(C)=C4[H])=C1)=C4C,CC1=C2N([B-](F)([N+]3=C(C)C([H])=C(C)C3=C2)F)C(C)=C1C4=C5[N+]([B-](F)(N6C4=C(C([H])=C6C)C)F)=C(C([H])=C5C)C
CC2=C1N(C(C)=C2I)[B](F)(F)[N](C(C(C)=C3I)=C1)=C3C,CC1=C2N([B-](F)([N+]3=C(C)C(I)=C(C)C3=C2)F)C(C)=C1I
CC2=C1N(C(C)=C2C5=C3[N]([B](F)(F)N6C5=C(C)C(I)=C6C)=C(C)C(I)=C3C)[B](F)(F)[N](C(C(C)=C4I)=C1)=C4C,CC1=C2N([B-](F)([N+]3=C(C)C(I)=C(C)C3=C2)F)C(C)=C1C4=C5[N+]([B-](F)(N6C4=C(C(I)=C6C)C)F)=C(C(I)=C5C)C
CC2=CC(C)=[N](C2=C3C4=CC=C(N(C6=CC=C(/C=C/C(OC)=O)C=C6)C5=CC=C(/C=C/C(OC)=O)C=C5)C=C4)[B](F)(F)N1C3=C(C)C=C1C,CC1=CC(C)=[N+]([B-](F)(N2C3=C(C=C2C)C)F)C1=C3C4=CC=C(C=C4)N(C5=CC=C(C=C5)/C=C/C(OC)=O)C6=CC=C(C=C6)/C=C/C(OC)=O
CC5=C2N(C(C)=C5)[B](F)(F)[N]1=C(C)C=C(C)C1=C2[C@@]3=[C@](C=CC=C6)[C@]6=[C@](C7=CC=CC=C7)[C@]4=[C@@]3C=CC=C4,CC1=C2N([B-](F)([N+]3=C(C=C(C3=C2C4=C5C=CC=CC5=C(C6=C4C=CC=C6)C7=CC=CC=C7)C)C)F)C(C)=C1
CC5=C2N(C(C)=C5)[B](F)(F)[N]1=C(C)C=C(C)C1=C2[C@@]3=[C@](C=CC=C6)[C@]6=C[C@]4=[C@@]3C=CC=C4,CC1=C2N([B-](F)([N+]3=C(C=C(C3=C2C4=C5C=CC=CC5=CC6=C4C=CC=C6)C)C)F)C(C)=C1
F[B]2(F)[N]1=C(C)C=C(C)C1=C(C4=CC=CC=C4)C3=C(C)C(C5=C(C=CC=C7)C7=C[C@]6=[C@@]5C=CC=C6)=C(C)N23,F[B-]1([N+]2=C(C=C(C2=C(C3=C([C@]([C@]4=C5C=CC=CC5=CC6=C4C=CC=C6)=C(N13)C)C)C7=CC=CC=C7)C)C)F
F[B]2(F)[N]1=C(C)C=C(C)C1=C(C4=CC=CC=C4)C3=C(C)C(C5=CC=[C@](C=[C@](C=CC=C7)C7=C6)C6=C5)=C(C)N23,F[B-]1([N+]2=C(C=C(C2=C(C3=C(C(C4=CC=C5C=C6C=CC=CC6=CC5=C4)=C(N13)C)C)C7=CC=CC=C7)C)C)F
CC(C(I)=C4C)=[N](C4=C3)[B](F)(F)N1C3=CC(I)=C1SC2=CC=CC=C2NC(CN5CCOCC5)=O,CC(C(I)=C1C)=[N+]2C1=CC3=CC(I)=C(SC4=CC=CC=C4NC(CN5CCOCC5)=O)N3[B-]2(F)F
[H]C2=C1[N]([B@@](F)(F)N3C2=C(Br)C(Br)=C3[H])=C(C)C(CC)=C1C,[H]C1=C2[N+]([B-](F)(N3C1=C(C(Br)=C3[H])Br)F)=C(C(CC)=C2C)C
[H]C2=C1[N]([B@@](F)(F)N3C2=C([H])C(Br)=C3Br)=C(C)C(CC)=C1C,[H]C1=C2[N+]([B-](F)(N3C1=C(C(Br)=C3Br)[H])F)=C(C(CC)=C2C)C
[H]C2=C1[N]([B@@](F)(F)N3C2=C(I)C(I)=C3[H])=C(C)C(CC)=C1C,[H]C1=C2[N+]([B-](F)(N3C1=C(C(I)=C3[H])I)F)=C(C(CC)=C2C)C
[H]C2=C1[N]([B@@](F)(F)N3C2=C([H])C(I)=C3I)=C(C)C(CC)=C1C,[H]C1=C2[N+]([B-](F)(N3C1=C(C(I)=C3I)[H])F)=C(C(CC)=C2C)C
[H]C2=C1[N]([B@@](F)(F)N3C2=C(I)C(I)=C3I)=C(C)C(CC)=C1C,[H]C1=C2[N+]([B-](F)(N3C1=C(C(I)=C3I)I)F)=C(C(CC)=C2C)C
[H]C3=[N]2C(C([H])=C3Br)=C([4-tolyl])C1=C([H])C(Br)=C([H])N1[B@](F)2F,[H]C1=[N+]2C(C([H])=C1Br)=C(C3=CC=C(C)C=C3)C4=C([H])C(Br)=C([H])N4[B-]2(F)F
BrC3=[N]2C(C([H])=C3[H])=C([4-tolyl])C1=C([H])C([H])=C(Br)N1[B@](F)2F,BrC1=[N+]2C(C([H])=C1[H])=C(C3=C(C([H])=C(N3[B-]2(F)F)Br)[H])C4=CC=C(C)C=C4
BrC3=[N]2C(C([H])=C3Br)=C([4-tolyl])C1=C([H])C(Br)=C(Br)N1[B@](F)2F,BrC1=[N+]2C(C([H])=C1Br)=C(C3=C(C(Br)=C(N3[B-]2(F)F)Br)[H])C4=CC=C(C)C=C4
BrC3=[N]2C(C(Br)=C3Br)=C([4-tolyl])C1=C(Br)C(Br)=C(Br)N1[B@](F)2F,BrC1=[N+]2C(C(Br)=C1Br)=C(C3=C(C(Br)=C(N3[B-]2(F)F)Br)Br)C4=CC=C(C)C=C4
BrC1=C(Br)C(C(C(OCC)=O)C(OCC)=O)=[N]3C1=C([4-tolyl])C2=C(Br)C(Br)=C(C(C(OCC)=O)C(OCC)=O)N2[B@](F)3F,BrC1=C(C(C(C(OCC)=O)C(OCC)=O)=[N+]2C1=C(C3=C(C(Br)=C(N3[B-]2(F)F)C(C(OCC)=O)C(OCC)=O)Br)C4=CC=C(C)C=C4)Br
IC3=[N]2C(C([H])=C3I)=C([4-tolyl])C1=C([H])C(I)=C(C(C(OCC)=O)C(OCC)=O)N1[B@](F)2F,IC1=[N+]2C(C([H])=C1I)=C(C3=C(C(I)=C(N3[B-]2(F)F)C(C(OCC)=O)C(OCC)=O)[H])C4=CC=C(C)C=C4
IC3=[N]2C(C([H])=C3I)=C([4-tolyl])C1=C([H])C(I)=C(NCCC(O)=O)N1[B@](F)2F,IC1=[N+]2C(C([H])=C1I)=C(C3=C(C(I)=C(N3[B-]2(F)F)NCCC(O)=O)[H])C4=CC=C(C)C=C4
IC3=[N]2C(C([H])=C3I)=C([4-tolyl])C1=C([H])C(I)=C([NH-p-(C6H4)OMe])N1[B@](F)2F,IC1=[N+]2C(C([H])=C1I)=C(C3=C(C(I)=C(N3[B-]2(F)F)NC4=CC=C(OC)C=C4)[H])C5=CC=C(C)C=C5
IC3=[N]2C(C([H])=C3I)=C([4-tolyl])C1=C([H])C(I)=C(I)N1[B@](F)2F,IC1=[N+]2C(C([H])=C1I)=C(C3=C(C(I)=C(N3[B-]2(F)F)I)[H])C4=CC=C(C)C=C4
CC1=C(I)C(C)=C3N1[B](F)(F)[N]2=C(/C=C/C5=CC=C(N(CC#C)C7=C6C=CC=C7)C6=C5)C(I)=C(C)C2=C3C4=CC=C(O)C=C4,CC1=C(C(C)=C2N1[B-](F)([N+]3=C(C(I)=C(C3=C2C4=CC=C(C=C4)O)C)/C=C/C5=CC=C(C6=C5)N(C7=C6C=CC=C7)CC#C)F)I
CC1=C(I)C(C)=C3N1[B](F)(F)[N]2=C(/C=C/C5=CC=C(N(CC8=CN(CCCC[P+](C%10=CC=CC=C%10)(C%11=CC=CC=C%11)C9=CC=CC=C9)N=N8)C7=C6C=CC=C7)C6=C5)C(I)=C(C)C2=C3C4=CC=C(O)C=C4,CC1=C(C(C)=C2N1[B-](F)([N+]3=C(C(I)=C(C3=C2C4=CC=C(C=C4)O)C)/C=C/C5=CC=C(C6=C5)N(C7=C6C=CC=C7)CC8=CN(N=N8)CCCC[P+](C9=CC=CC=C9)(C%10=CC=CC=C%10)C%11=CC=CC=C%11)F)I
CC1=C(I)C(C)=C3N1[B](F)(F)[N]2=C(/C=C/C5=CC=C(N(CC8=CN(CCCC[N+]9=CC=CC=C9)N=N8)C7=C6C=CC=C7)C6=C5)C(I)=C(C)C2=C3C4=CC=C(O)C=C4,CC1=C(C(C)=C2N1[B-](F)([N+]3=C(C(I)=C(C3=C2C4=CC=C(C=C4)O)C)/C=C/C5=CC=C(C6=C5)N(C7=C6C=CC=C7)CC8=CN(N=N8)CCCC[N+]9=CC=CC=C9)F)I
CC1=C(I)C(C)=C3N1[B](F)(F)[N]2=C(C)C=C(C)C2=C3C4=CN(CCN6CCOCC6)C5=C4C=CC=C5,CC1=C(C(C)=C2N1[B-](F)([N+]3=C(C=C(C3=C2C4=CN(C5=C4C=CC=C5)CCN6CCOCC6)C)C)F)I
CC1=C(I)C(C)=C3N1[B](F)(F)[N]2=C(C)C(I)=C(C)C2=C3C4=CN(CCN6CCOCC6)C5=C4C=CC=C5,CC1=C(C(C)=C2N1[B-](F)([N+]3=C(C(I)=C(C3=C2C4=CN(C5=C4C=CC=C5)CCN6CCOCC6)C)C)F)I
IC3=C(/C=C/C8=CC=C(OCC%10=CC=CC=N%10)C(OCC9=NC=CC=C9)=C8)N2[B](F)(F)[N]1=C(/C=C/C4=CC(OCC6=CC=CC=N6)=C(OCC7=NC=CC=C7)C=C4)C(I)=C(C)C1=C(C5=CC=CC=C5)C2=C3C,IC1=C(N2[B-](F)([N+]3=C(C(I)=C(C3=C(C2=C1C)C4=CC=CC=C4)C)/C=C/C5=CC(OCC6=CC=CC=N6)=C(C=C5)OCC7=NC=CC=C7)F)/C=C/C8=CC=C(C(OCC9=NC=CC=C9)=C8)OCC%10=CC=CC=N%10
IC3=C(/C=C/C8=CC=C(OCC%10=CC=CC=N%10)C(OCC9=NC=CC=C9)=C8)N2[B](F)(F)[N]1=C(/C=C/C4=CC(OCC6=CC=CC=N6)=C(OCC7=NC=CC=C7)C=C4)C(I)=C(C)C1=C(C5=CC=C([N+]([O-])=O)C=C5)C2=C3C,IC1=C(N2[B-](F)([N+]3=C(C(I)=C(C3=C(C2=C1C)C4=CC=C(C=C4)[N+]([O-])=O)C)/C=C/C5=CC(OCC6=CC=CC=N6)=C(C=C5)OCC7=NC=CC=C7)F)/C=C/C8=CC=C(C(OCC9=NC=CC=C9)=C8)OCC%10=CC=CC=N%10
CC3=[N]2[C@@]([C@]4=C3CCC5=[C@]4C=CC=C5)=CC1=[C@]6C(CCC7=[C@]6C=CC=C7)=C(C)N1[B](F)2F,CC1=[N+]2C(C3=C1CCC4=C3C=CC=C4)=CC5=C6C(CCC7=C6C=CC=C7)=C(N5[B-]2(F)F)C
CC3=[N]2C(C(C)=C3I)=C(C4=CC=CC=C4)C1=C(C)C(I)=C(C)N1[B](F)2F,CC1=[N+]2C(C(C)=C1I)=C(C3=C(C(I)=C(N3[B-]2(F)F)C)C)C4=CC=CC=C4
IC3=C(/C=C/C5=CC=CC=C5)N2[B](F)(F)[N]1=C(/C=C/C4=CC=CC=C4)C(I)=C(C)C1=C(C6=CC=CC=C6)C2=C3C,IC1=C(N2[B-](F)([N+]3=C(C(I)=C(C3=C(C2=C1C)C4=CC=CC=C4)C)/C=C/C5=CC=CC=C5)F)/C=C/C6=CC=CC=C6
CC1=CC(C)=C3N1[B](F)(F)[N]2=C(C)C=C(C)C2=C3C4=CC=C(OCCCCCN5C(C(C=CC=C6)=C6C5=O)=O)C=C4,CC1=CC(C)=C2N1[B-](F)([N+]3=C(C=C(C3=C2C4=CC=C(C=C4)OCCCCCN5C(C6=C(C5=O)C=CC=C6)=O)C)C)F
CC1=C(I)C(C)=C3N1[B](F)(F)[N]2=C(C)C(I)=C(C)C2=C3C4=CC=C(OCCCCCN5C(C(C=CC=C6)=C6C5=O)=O)C=C4,CC1=C(C(C)=C2N1[B-](F)([N+]3=C(C(I)=C(C3=C2C4=CC=C(C=C4)OCCCCCN5C(C6=C(C5=O)C=CC=C6)=O)C)C)F)I
CC1=C(Br)C(C)=C3N1[B](F)(F)[N]2=C(C)C(Br)=C(C)C2=C3C4=CC=C(OCCCCCN5C(C(C=CC=C6)=C6C5=O)=O)C=C4,CC1=C(C(C)=C2N1[B-](F)([N+]3=C(C(Br)=C(C3=C2C4=CC=C(C=C4)OCCCCCN5C(C6=C(C5=O)C=CC=C6)=O)C)C)F)Br
CC1=CC(C)=C3N1[B](F)(F)[N]2=C(C)C=C(C)C2=C3C4=CC=C(OCCCCCN)C=C4,CC1=CC(C)=C2N1[B-](F)([N+]3=C(C=C(C3=C2C4=CC=C(C=C4)OCCCCCN)C)C)F
CC1=CC(C)=C3N1[B](F)(F)[N]2=C(C)C=C(C)C2=C3C4=CC=C(OCCCCCCCCN5C(C(C=CC=C6)=C6C5=O)=O)C=C4,CC1=CC(C)=C2N1[B-](F)([N+]3=C(C=C(C3=C2C4=CC=C(C=C4)OCCCCCCCCN5C(C6=C(C5=O)C=CC=C6)=O)C)C)F
CC1=C(I)C(C)=C3N1[B](F)(F)[N]2=C(C)C(I)=C(C)C2=C3C4=CC=C(OCCCCCCCCN5C(C(C=CC=C6)=C6C5=O)=O)C=C4,CC1=C(C(C)=C2N1[B-](F)([N+]3=C(C(I)=C(C3=C2C4=CC=C(C=C4)OCCCCCCCCN5C(C6=C(C5=O)C=CC=C6)=O)C)C)F)I
CC1=C(Br)C(C)=C3N1[B](F)(F)[N]2=C(C)C(Br)=C(C)C2=C3C4=CC=C(OCCCCCCCCN5C(C(C=CC=C6)=C6C5=O)=O)C=C4,CC1=C(C(C)=C2N1[B-](F)([N+]3=C(C(Br)=C(C3=C2C4=CC=C(C=C4)OCCCCCCCCN5C(C6=C(C5=O)C=CC=C6)=O)C)C)F)Br
CC1=CC(C)=C3N1[B](F)(F)[N]2=C(C)C=C(C)C2=C3C4=CC=C(OCCCCCCCCN)C=C4,CC1=CC(C)=C2N1[B-](F)([N+]3=C(C=C(C3=C2C4=CC=C(C=C4)OCCCCCCCCN)C)C)F
CC3=[N]2C(C=C3I)=C([Ph]C(O)=O)C1=CC(I)=C(C)N1[B](F)2F,CC1=[N+]2C(C=C1I)=C(C3=CC=C(C(O)=O)C=C3)C4=CC(I)=C(N4[B-]2(F)F)C
CC3=[N]2C(C=C3I)=C(NCCC[Si](CC)(CC)(CC)=O)C1=CC(I)=C(C)N1[B](F)2F,CC1=[N+]2C(C=C1I)=C(C3=CC(I)=C(N3[B-]2(F)F)C)NCCC[Si](OCC)(OCC)OCC
CC4=C2N(C(C)=C4)[B]([N]1=C(C)C=C(C)C1=C2C3=C(OC)C=CC(OC)=C3)(F)F,CC1=C2N([B-](F)(F)[N+]3=C(C=C(C3=C2C4=C(C=CC(OC)=C4)OC)C)C)C(C)=C1
CC4=C2N(C(C)=C4)[B]([N]1=C(C)C=C(C)C1=C2C3=C(OC)C=C(OC)C(OC)=C3)(F)F,CC1=C2N([B-](F)(F)[N+]3=C(C=C(C3=C2C4=C(C=C(C(OC)=C4)OC)OC)C)C)C(C)=C1
CC4=C2N(C(C)=C4)[B]([N]1=C(C)C=C(C)C1=C2C3=C(C=CC=C5)C5=C(OC)C=C3)(F)F,CC1=C2N([B-](F)(F)[N+]3=C(C=C(C3=C2C4=C5C=CC=CC5=C(C=C4)OC)C)C)C(C)=C1
CC4=C2N(C(C)=C4)[B]([N]1=C(C)C=C(C)C1=C2C3=CC(C=CC(O)=C5)=C5C=C3)(F)F,CC1=C2N([B-](F)(F)[N+]3=C(C=C(C3=C2C4=CC5=C(C=C4)C=C(O)C=C5)C)C)C(C)=C1
CC3=[N]2C(C=C3)=C(C4=CC(C=CC(O)=C5)=C5C=C4)C1=CC=C(C)N1[B](F)2F,CC1=[N+]2C(C=C1)=C(C3=CC=C(N3[B-]2(F)F)C)C4=CC5=C(C=C4)C=C(O)C=C5
C[C@@]4=[C@]2N([C@](C)=[C@@]4CC)[B@]([N@]1=[C@@](C)[C@@](CC)=[C@@](C)[C@]1=[C@]2[C@@]3=CC=[C@](OC[C@](N=N6)=CN6C[C@@]7=C[C@]([C@@](NN5)=O)=[C@@](C=C7)[C@]5=O)C=C3)(F)F,CC1=C2N([B-](F)(F)[N+]3=C(C(CC)=C(C3=C2C4=CC=C(C=C4)OCC5=CN(CC6=CC(C(NNC7=O)=O)=C7C=C6)N=N5)C)C)C(C)=C1CC
C[C@@]4=[C@]2N([C@](C)=[C@@]4CC)[B]([N@]1=[C@@](C)[C@@](CC)=[C@@](C)[C@]1=[C@]2[C@@]3=C[C@]([C@@](NN[C@@]5=O)=O)=[C@]5C=C3)(F)F,CC1=C2N([B-](F)(F)[N+]3=C(C(CC)=C(C3=C2C4=CC(C(NN5)=O)=C(C=C4)C5=O)C)C)C(C)=C1CC
CC4=C2N(C(C)=C4C7=C(C)C([N]6=C7C)=C(C8=CC=CC=C8)C5=C(C)C=C(C)N5[B]6(F)F)[B]([N]1=C(C)C=C(C)C1=C2C3=CC=CC=C3)(F)F,CC1=C2N([B-](F)(F)[N+]3=C(C=C(C3=C2C4=CC=CC=C4)C)C)C(C)=C1C5=C(C([N+]6=C5C)=C(C7=C(C=C(N7[B-]6(F)F)C)C)C8=CC=CC=C8)C
CC3=C2N(C(C)=C3C6=C(C)C([N]5=C6C)=C(C)C4=C(C)C=C(C)N4[B]5(F)F)[B]([N]1=C(C)C=C(C)C1=C2C)(F)F,CC1=C2N([B-](F)(F)[N+]3=C(C=C(C3=C2C)C)C)C(C)=C1C4=C(C([N+]5=C4C)=C(C6=C(C=C(N6[B-]5(F)F)C)C)C)C
CC4=C2N(C(C)=C4C7=C(C)C([N]6=C7C)=C(C8=CC(OC)=C(OC)C(OC)=C8)C5=C(C)C(C%10=CC=C(OC)C=C%10)=C(C)N5[B]6(F)F)[B]([N]1=C(C)C(C9=CC=C(OC)C=C9)=C(C)C1=C2C3=CC(OC)=C(OC)C(OC)=C3)(F)F,CC1=C2N([B-](F)(F)[N+]3=C(C(C4=CC=C(C=C4)OC)=C(C3=C2C5=CC(OC)=C(C(OC)=C5)OC)C)C)C(C)=C1C6=C(C([N+]7=C6C)=C(C8=C(C(C9=CC=C(C=C9)OC)=C(N8[B-]7(F)F)C)C)C%10=CC(OC)=C(C(OC)=C%10)OC)C
CC4=C2N(C(C)=C4C7=C(C)C([N]6=C7C)=C(C8=CC=CC=C8)C5=C(C)C(C%11=C(C)C([N]%10=C%11C)=C(C%12=CC=CC=C%12)C9=C(C)C=C(C)N9[B]%10(F)F)=C(C)N5[B]6(F)F)[B]([N]1=C(C)C=C(C)C1=C2C3=CC=CC=C3)(F)F,CC1=C2N([B-](F)(F)[N+]3=C(C=C(C3=C2C4=CC=CC=C4)C)C)C(C)=C1C5=C(C([N+]6=C5C)=C(C7=C(C(C8=C(C([N+]9=C8C)=C(C%10=C(C=C(N%10[B-]9(F)F)C)C)C%11=CC=CC=C%11)C)=C(N7[B-]6(F)F)C)C)C%12=CC=CC=C%12)C
COC(C=C7)=CC=C7C(C=C3C4=CC=CC=C4)=C2N3[B]([N]1=C(C6=CC=CC=C6)C=C(C5=CC=C(OC)C=C5)C1=N2)(F)F,COC1=CC=C(C2=C3N([B-](F)(F)[N+]4=C(C=C(C4=N3)C5=CC=C(C=C5)OC)C6=CC=CC=C6)C(C7=CC=CC=C7)=C2)C=C1
F[B]([N]3=C(C7=CC=CC=C7)C=C(C5=CC=C(OC)C=C5)C3=N4)(OC([C@@H](NC(OC(C)(C)C)=O)CCC(N)=O)=O)N1C4=C(C6=CC=C(OC)C=C6)C=C1C2=CC=CC=C2,F[B-](OC([C@H](CCC(N)=O)NC(OC(C)(C)C)=O)=O)(N1C(C2=CC=CC=C2)=C3)[N+]4=C(C=C(C4=NC1=C3C5=CC=C(C=C5)OC)C6=CC=C(C=C6)OC)C7=CC=CC=C7
O=C(OC(C)(C)C)N([C@@H]8CCC(N)=O)[B]([N]3=C(C7=CC=CC=C7)C=C(C5=CC=C(OC)C=C5)C3=N4)(OC8=O)N1C4=C(C6=CC=C(OC)C=C6)C=C1C2=CC=CC=C2,O=C(N([B-](OC1=O)(N2C(C3=CC=CC=C3)=C4)[N+]5=C(C=C(C5=NC2=C4C6=CC=C(C=C6)OC)C7=CC=C(C=C7)OC)C8=CC=CC=C8)[C@@H]1CCC(N)=O)OC(C)(C)C
O=C([C@H](CCC(N)=O)NC(OC(C)(C)C)=O)O[B]([N]3=C(C7=CC=CC=C7)C=C(C5=CC=C(OC)C=C5)C3=N4)(OC([C@H](CCC(N)=O)NC(OC(C)(C)C)=O)=O)N1C4=C(C6=CC=C(OC)C=C6)C=C1C2=CC=CC=C2,O=C(O[B-](OC([C@@H](NC(OC(C)(C)C)=O)CCC(N)=O)=O)(N1C(C2=CC=CC=C2)=C3)[N+]4=C(C=C(C4=NC1=C3C5=CC=C(C=C5)OC)C6=CC=C(C=C6)OC)C7=CC=CC=C7)[C@@H](NC(OC(C)(C)C)=O)CCC(N)=O
BrC3=C(C5=CC=C(OC)C=C5)C2=NC1=C(C6=CC=C(OC)C=C6)C(Br)=C(C7=CC=CC=C7)N1[B]([N]2=C3C4=CC=CC=C4)(F)F,BrC1=C(C2=NC3=C(C(Br)=C(N3[B-](F)(F)[N+]2=C1C4=CC=CC=C4)C5=CC=CC=C5)C6=CC=C(C=C6)OC)C7=CC=C(C=C7)OC
F[B]([N]3=C(C7=CC=CC=C7)C(Br)=C(C5=CC=C(OC)C=C5)C3=N4)(OC([C@@H](NC(OC(C)(C)C)=O)CCC(N)=O)=O)N1C4=C(C6=CC=C(OC)C=C6)C(Br)=C1C2=CC=CC=C2,F[B-](OC([C@H](CCC(N)=O)NC(OC(C)(C)C)=O)=O)(N1C(C2=CC=CC=C2)=C3Br)[N+]4=C(C(Br)=C(C4=NC1=C3C5=CC=C(C=C5)OC)C6=CC=C(C=C6)OC)C7=CC=CC=C7
O=C(OC(C)(C)C)N([C@@H]8CCC(N)=O)[B]([N]3=C(C7=CC=CC=C7)C(Br)=C(C5=CC=C(OC)C=C5)C3=N4)(OC8=O)N1C4=C(C6=CC=C(OC)C=C6)C(Br)=C1C2=CC=CC=C2,O=C(N([B-](OC1=O)(N2C(C3=CC=CC=C3)=C4Br)[N+]5=C(C(Br)=C(C5=NC2=C4C6=CC=C(C=C6)OC)C7=CC=C(C=C7)OC)C8=CC=CC=C8)[C@@H]1CCC(N)=O)OC(C)(C)C
O=C([C@H](CCC(N)=O)NC(OC(C)(C)C)=O)O[B]([N]3=C(C7=CC=CC=C7)C(Br)=C(C5=CC=C(OC)C=C5)C3=N4)(OC([C@H](CCC(N)=O)NC(OC(C)(C)C)=O)=O)N1C4=C(C6=CC=C(OC)C=C6)C(Br)=C1C2=CC=CC=C2,O=C(O[B-](OC([C@@H](NC(OC(C)(C)C)=O)CCC(N)=O)=O)(N1C(C2=CC=CC=C2)=C3Br)[N+]4=C(C(Br)=C(C4=NC1=C3C5=CC=C(C=C5)OC)C6=CC=C(C=C6)OC)C7=CC=CC=C7)[C@@H](NC(OC(C)(C)C)=O)CCC(N)=O
F[B]([N]2=C(C)C=C(C)C2=C3C4=CC=C(OCC(N=N%10)=CN%10CCOC9=CC=C(C=C9)C6=C5[N]([B](F)(F)N7C6=C(C)C(I)=C7C)=C(/C=C/C8=CC=C(N(C)C)C=C8)C(I)=C5C)C=C4)(F)N1C3=C(C)C=C1C,F[B-](F)(N1C2=C(C=C1C)C)[N+]3=C(C=C(C3=C2C4=CC=C(C=C4)OCC5=CN(CCOC6=CC=C(C7=C8[N+]([B-](F)(N9C7=C(C(I)=C9C)C)F)=C(C(I)=C8C)/C=C/C%10=CC=C(C=C%10)N(C)C)C=C6)N=N5)C)C
F[B]2(F)[N]1=C(/C=C/C4=CC=C(O)C=C4)C(I)=C(C)C1=C(C6=CC=CC=C6)C3=C(C)C(I)=C(/C=C/C5=CC=C(OCC7=CN(CCOC(C=C%12)=CC=C%12C(C9=C(C)C=C(/C=C/C%11=CC=C(N(C)C)C=C%11)N9[B](F)%10F)=C8[N]%10=C(C)C=C8C)N=N7)C=C5)N23,F[B-]1([N+]2=C(C(I)=C(C2=C(C3=C(C(I)=C(N13)/C=C/C4=CC=C(C=C4)OCC5=CN(N=N5)CCOC6=CC=C(C(C7=C(C=C(N7[B-](F)8F)/C=C/C9=CC=C(C=C9)N(C)C)C)=C%10[N+]8=C(C=C%10C)C)C=C6)C)C%11=CC=CC=C%11)C)/C=C/C%12=CC=C(C=C%12)O)F
F[B]([N]2=C(/C=C/C5=CC=C(N(C)C)C=C5)C(I)=C(C)C2=C3C4=CC=CC=C4)(F)N1C3=C(C)C(I)=C1C,F[B-](F)(N1C2=C(C(I)=C1C)C)[N+]3=C(C(I)=C(C3=C2C4=CC=CC=C4)C)/C=C/C5=CC=C(C=C5)N(C)C
F[B]([N]3=C(/C=C/C6=CC=C(OCC#C)C=C6)C(I)=C(C)C3=C4C5=CC=CC=C5)(F)N1C4=C(C)C(I)=C1/C=C/C2=CC=C(O)C=C2,F[B-](F)(N1C2=C(C(I)=C1/C=C/C3=CC=C(C=C3)O)C)[N+]4=C(C(I)=C(C4=C2C5=CC=CC=C5)C)/C=C/C6=CC=C(C=C6)OCC#C
F[B]([N]2=CC=CC2=C3C4=CC=CC=C4)(F)N1C3=CC=C1,F[B-](F)(N1C2=CC=C1)[N+]3=CC=CC3=C2C4=CC=CC=C4
F[B]([N]2=CC(Br)=CC2=C3C4=CC=CC=C4)(F)N1C3=CC=C1,F[B-](F)(N1C2=CC=C1)[N+]3=CC(Br)=CC3=C2C4=CC=CC=C4
F[B]([N]2=CC(Br)=CC2=C3C4=CC=CC=C4)(F)N1C3=CC(Br)=C1,F[B-](F)(N1C2=CC(Br)=C1)[N+]3=CC(Br)=CC3=C2C4=CC=CC=C4
F[B]([N]2=C(Br)C(Br)=CC2=C3C4=CC=CC=C4)(F)N1C3=CC(Br)=C1Br,F[B-](F)(N1C2=CC(Br)=C1Br)[N+]3=C(C(Br)=CC3=C2C4=CC=CC=C4)Br
F[B]([N]2=C(Br)C(Br)=C(Br)C2=C3C4=CC=CC=C4)(F)N1C3=C(Br)C(Br)=C1Br,F[B-](F)(N1C2=C(C(Br)=C1Br)Br)[N+]3=C(C(Br)=C(C3=C2C4=CC=CC=C4)Br)Br
F[B@@]([N]3=C(C7=CC=C(N(C%11=CC=CC=C%11)C%10=CC=CC=C%10)C=C7)C=C(C6=CC=C(C(C)(C)C)C=C6)C3=N4)(F)N1C4=C(C5=CC=C(C(C)(C)C)C=C5)C=C1C2=CC=C(N(C9=CC=CC=C9)C8=CC=CC=C8)C=C2,F[B-](F)(N1C(C2=CC=C(C=C2)N(C3=CC=CC=C3)C4=CC=CC=C4)=C5)[N+]6=C(C=C(C6=NC1=C5C7=CC=C(C=C7)C(C)(C)C)C8=CC=C(C=C8)C(C)(C)C)C9=CC=C(C=C9)N(C%10=CC=CC=C%10)C%11=CC=CC=C%11
F[B@@]([N]3=C(C7=CC=C(N(C%11=CC=CC=C%11)C%10=CC=CC=C%10)C=C7)C(Br)=C(C6=CC=C(C(C)(C)C)C=C6)C3=N4)(F)N1C4=C(C5=CC=C(C(C)(C)C)C=C5)C=C1C2=CC=C(N(C9=CC=CC=C9)C8=CC=CC=C8)C=C2,F[B-](F)(N1C(C2=CC=C(C=C2)N(C3=CC=CC=C3)C4=CC=CC=C4)=C5)[N+]6=C(C(Br)=C(C6=NC1=C5C7=CC=C(C=C7)C(C)(C)C)C8=CC=C(C=C8)C(C)(C)C)C9=CC=C(C=C9)N(C%10=CC=CC=C%10)C%11=CC=CC=C%11
F[B]2(F)[N]1=C(C)C(I)=C(C)C1=C(C4=CC=C(OCCN5C=C(CNC6=CC8=C7C(C9=CC(NCC%10=CN(CCOC(C=C%14)=CC=C%14C%12=C%11[N]([B](F)(F)N%13C%12=C(C)C(I)=C%13C)=C(C)C(I)=C%11C)N=N%10)=C7C(N(CC(CCCC)CC)C8=O)=O)=C6C(N(CC(CCCC)CC)C9=O)=O)N=N5)C=C4)C3=C(C)C(I)=C(C)N23,F[B-]1([N+]2=C(C(I)=C(C2=C(C3=C(C(I)=C(N13)C)C)C4=CC=C(C=C4)OCCN5C=C(N=N5)CNC6=CC7=C8C(C9=CC(NCC%10=CN(N=N%10)CCOC%11=CC=C(C%12=C%13[N+]([B-](F)(N%14C%12=C(C(I)=C%14C)C)F)=C(C(I)=C%13C)C)C=C%11)=C8C(N(C7=O)CC(CC)CCCC)=O)=C6C(N(C9=O)CC(CC)CCCC)=O)C)C)F
F[B]2(F)[N]1=C(C)C=C(C)C1=C(C4=CC=C(OCCN5C=C(CNC6=CC8=C7C(C9=CC(NCC%10=CN(CCOC(C=C%14)=CC=C%14C%12=C%11[N]([B](F)(F)N%13C%12=C(C)C=C%13C)=C(C)C=C%11C)N=N%10)=C7C(N(CC(CCCC)CC)C8=O)=O)=C6C(N(CC(CCCC)CC)C9=O)=O)N=N5)C=C4)C3=C(C)C=C(C)N23,F[B-]1([N+]2=C(C=C(C2=C(C3=C(C=C(N13)C)C)C4=CC=C(C=C4)OCCN5C=C(N=N5)CNC6=CC7=C8C(C9=CC(NCC%10=CN(N=N%10)CCOC%11=CC=C(C%12=C%13[N+]([B-](F)(N%14C%12=C(C=C%14C)C)F)=C(C=C%13C)C)C=C%11)=C8C(N(C7=O)CC(CC)CCCC)=O)=C6C(N(C9=O)CC(CC)CCCC)=O)C)C)F
F[B]([N]2=C(C)C(C([C@@]5=[C@](C)C=[C@](C)N5[B](F)6F)=C4[N]6=C(C)C=C4C)=C(C)C2=C3C)(F)N1C3=C(C)C([H])=C1C,F[B-](F)(N1C2=C(C([H])=C1C)C)[N+]3=C(C(C(C4=C(C=C(N4[B-](F)5F)C)C)=C6[N+]5=C(C=C6C)C)=C(C3=C2C)C)C
F[B]([N]2=C(C)C(C([C@@]5=[C@](C)C=[C@](C)N5[B](F)6F)=C4[N]6=C(C)C=C4C)=C(C)C2=C3O[N+](C7=CC=C(B(O)O)C=C7)=O)(F)N1C3=C(C)C([H])=C1C,F[B-](F)(N1C2=C(C([H])=C1C)C)[N+]3=C(C(C(C4=C(C=C(N4[B-](F)5F)C)C)=C6[N+]5=C(C=C6C)C)=C(C3=C2O[N+](C7=CC=C(C=C7)B(O)O)=O)C)C
F[B]([N]2=C(C)C(C([C@@]5=[C@](C)C=[C@](C)N5[B](F)6F)=C4[N]6=C(C)C=C4C)=C(C)C2=C3[H])(F)N1C3=C(C)C([H])=C1C,F[B-](F)(N1C2=C(C([H])=C1C)C)[N+]3=C(C(C(C4=C(C=C(N4[B-](F)5F)C)C)=C6[N+]5=C(C=C6C)C)=C(C3=C2[H])C)C
F[B]2(F)[N]1=C(C)C(I)=C(C)C1=C(C4=CC=C(OS(C5=C([N+]([O-])=O)C=C([N+]([O-])=O)C=C5)(=O)=O)C=C4)C3=C(C)C(I)=C(C)N23,F[B-]1([N+]2=C(C(I)=C(C2=C(C3=C(C(I)=C(N13)C)C)C4=CC=C(C=C4)OS(C5=C(C=C(C=C5)[N+]([O-])=O)[N+]([O-])=O)(=O)=O)C)C)F
F[B]2(F)[N]1=C(/C=C/C4=CC=C(OS(C6=CC=C([N+]([O-])=O)C=C6[N+]([O-])=O)(=O)=O)C=C4)C(I)=C(C)C1=C(C5=CC=CC=C5)C3=C(C)C(I)=C(C)N23,F[B-]1([N+]2=C(C(I)=C(C2=C(C3=C(C(I)=C(N13)C)C)C4=CC=CC=C4)C)/C=C/C5=CC=C(C=C5)OS(C6=CC=C(C=C6[N+]([O-])=O)[N+]([O-])=O)(=O)=O)F
CC3=CC(C)=[N]2[B](F)(F)N1C(C(C4=CC=C(C=C4)OCCCN(C)C)=C23)=C(C)C=C1C,CC1=CC(C)=[N+]2[B-](F)(N3C(C(C4=CC=C(OCCCN(C)C)C=C4)=C21)=C(C=C3C)C)F
CC3=C(I)C(C)=[N]2[B](F)(F)N1C(C(C4=CC=C(C=C4)OCCCN(C)C)=C23)=C(C)C(I)=C1C,CC1=C(C(C)=[N+]2[B-](F)(N3C(C(C4=CC=C(OCCCN(C)C)C=C4)=C21)=C(C(I)=C3C)C)F)I
CC3=CC(C)=[N]2[B](F)(F)N1C(C(C4=CC=C(C=C4)OCCC[N+](C)(C)C)=C23)=C(C)C=C1C.[I-],CC1=CC(C)=[N+]2[B-](F)(N3C(C(C4=CC=C(OCCC[N+](C)(C)C)C=C4)=C21)=C(C=C3C)C)F.[I-]
CC3=C(I)C(C)=[N]2[B](F)(F)N1C(C(C4=CC=C(C=C4)OCCC[N+](C)(C)C)=C23)=C(C)C(I)=C1C.[I-],CC1=C(C(C)=[N+]2[B-](F)(N3C(C(C4=CC=C(OCCC[N+](C)(C)C)C=C4)=C21)=C(C(I)=C3C)C)F)I.[I-]
IC4=C(C)C3=C(C2=C(C)C(I)=C(C)N2[B](F)(F)[N]3=C4C)C1=CC=C(OCC5=CN(CCOC6=CC=C(C8=C7C(C)=CC(C)=[N]7[B](F)(F)N9C8=C(C)C=C9C)C=C6)[N][N]5)C=C1,IC1=C(C)C2=C(C3=C(C)C(I)=C(C)N3[B-]([N+]2=C1C)(F)F)C4=CC=C(OCC5=CN(CCOC6=CC=C(C7=C8C(C)=CC(C)=[N+]8[B-](N9C7=C(C)C=C9C)(F)F)C=C6)N=N5)C=C4
IC4=C(C)C3=C(C2=C(C)C(C5=CC=C(C7=C6C(C)=CC(C)=[N]6[B](F)(F)N8C7=C(C)C=C8C)C=C5)=C(C)N2[B](F)(F)[N]3=C4C)C1=CC=CC=C1,IC1=C(C2=C(C3=CC=CC=C3)C4=C(C(C5=CC=C(C=C5)C6=C7C(C)=CC(C)=[N+]7[B-](F)(N8C6=C(C=C8C)C)F)=C(N4[B-](F)([N+]2=C1C)F)C)C)C
IC4=C(C)C3=C(C2=C(C)C(C#CC5=CC=C(C7=C6C(C)=CC(C)=[N]6[B](F)(F)N8C7=C(C)C=C8C)C=C5)=C(C)N2[B](F)(F)[N]3=C4C)C1=CC=CC=C1,IC1=C(C2=C(C3=CC=CC=C3)C4=C(C(C#CC5=CC=C(C=C5)C6=C7C(C)=CC(C)=[N+]7[B-](F)(N8C6=C(C=C8C)C)F)=C(N4[B-](F)([N+]2=C1C)F)C)C)C
IC4=C(C)C3=C(C2=C(C)C(I)=C(C)N2[B](F)(F)[N]3=C4C)C1=CC=CC=C1,IC1=C(C2=C(C3=CC=CC=C3)C4=C(C(I)=C(N4[B-](F)([N+]2=C1C)F)C)C)C
IC4=C(C)C3=C(C2=C(C)C(C5=CC=CC=C5)=C(C)N2[B](F)(F)[N]3=C4C)C1=CC=CC=C1,IC1=C(C2=C(C3=CC=CC=C3)C4=C(C(C5=CC=CC=C5)=C(N4[B-](F)([N+]2=C1C)F)C)C)C
IC4=C(C)C3=C(C2=C(C)C(C#CC5=CC=CC=C5)=C(C)N2[B](F)(F)[N]3=C4C)C1=CC=CC=C1,IC1=C(C2=C(C3=CC=CC=C3)C4=C(C(C#CC5=CC=CC=C5)=C(N4[B-](F)([N+]2=C1C)F)C)C)C
C[C@@](C)(C)C(C=C6)=CC=C6C1=C(N=C3[N]7=C(C5=CC=CC(N(C)C)=C5)C=C3C4=CC=C([C@](C)(C)C)C=C4)N([B@@](F)7F)C(C2=CC(N(C)C)=CC=C2)=C1,CC(C)(C1=CC=C(C2=C(N(C(C3=CC(N(C)C)=CC=C3)=C2)[B-]4(F)F)N=C5[N+]4=C(C=C5C6=CC=C(C=C6)C(C)(C)C)C7=CC=CC(N(C)C)=C7)C=C1)C
C[C@@](C)(C)C(C=C6)=CC=C6C1=C(N=C3[N]7=C(C5=CC(N(C)C)=CC=C5Br)C=C3C4=CC=C([C@@](C)(C)C)C=C4)N([B@@](F)7F)C(C2=C(Br)C=CC(N(C)C)=C2)=C1,CC(C)(C1=CC=C(C2=C(N(C(C3=C(C=CC(N(C)C)=C3)Br)=C2)[B-]4(F)F)N=C5[N+]4=C(C=C5C6=CC=C(C=C6)C(C)(C)C)C7=CC(N(C)C)=CC=C7Br)C=C1)C
C[C@@](C)(C)C(C=C6)=CC=C6C1=C(N=C3[N]7=C(C5=CC(N(C)C)=C(Br)C=C5Br)C=C3C4=CC=C([C@@](C)(C)C)C=C4)N([B@@](F)7F)C(C2=C(Br)C=C(Br)C(N(C)C)=C2)=C1,CC(C)(C1=CC=C(C2=C(N(C(C3=C(C=C(C(N(C)C)=C3)Br)Br)=C2)[B-]4(F)F)N=C5[N+]4=C(C=C5C6=CC=C(C=C6)C(C)(C)C)C7=CC(N(C)C)=C(C=C7Br)Br)C=C1)C
F[B]2(F)N1C(C)=CC(C)=C1C(C4=CC5=C(C=C(N(CC)CC)C=C5)OC4=O)=C3[N]2=C(C)C=C3C,F[B-]1(N2C(C)=CC(C)=C2C(C3=CC4=C(OC3=O)C=C(C=C4)N(CC)CC)=C5[N+]1=C(C=C5C)C)F
IC4=C(C)C([N]3=C4C5=CNC6=C5C=CC=C6)=C(C2=C(C)C(I)=C(/C=C/C7=CNC8=C7C=CC=C8)N2[B]3(F)F)C1=CC(OC)=CC(OC)=C1,IC1=C(C([N+]2=C1C3=CNC4=C3C=CC=C4)=C(C5=CC(OC)=CC(OC)=C5)C6=C(C(I)=C(N6[B-]2(F)F)/C=C/C7=CNC8=C7C=CC=C8)C)C
IC4=C(C)C([N]3=C4C5=CC=C(OCCOCCOCCOC)C=C5)=C(C2=C(C)C(I)=C(/C=C/C6=CC=C(OCCOCCOCCOC)C=C6)N2[B]3(F)F)C1=CC(OC)=CC(OC)=C1,IC1=C(C([N+]2=C1C3=CC=C(C=C3)OCCOCCOCCOC)=C(C4=CC(OC)=CC(OC)=C4)C5=C(C(I)=C(N5[B-]2(F)F)/C=C/C6=CC=C(C=C6)OCCOCCOCCOC)C)C
IC4=C(C)C([N]3=C4C5=CC=CS5)=C(C2=C(C)C(I)=C(/C=C/C6=CC=CS6)N2[B]3(F)F)C1=CC(OC)=CC(OC)=C1,IC1=C(C([N+]2=C1C3=CC=CS3)=C(C4=CC(OC)=CC(OC)=C4)C5=C(C(I)=C(N5[B-]2(F)F)/C=C/C6=CC=CS6)C)C
IC4=C(C)C([N]3=C4C5=CNC6=C5C=C([N+]([O-])=O)C=C6)=C(C2=C(C)C(I)=C(/C=C/C7=CNC8=C7C=C([N+]([O-])=O)C=C8)N2[B]3(F)F)C1=CC(OC)=CC(OC)=C1,IC1=C(C([N+]2=C1C3=CNC4=C3C=C(C=C4)[N+]([O-])=O)=C(C5=CC(OC)=CC(OC)=C5)C6=C(C(I)=C(N6[B-]2(F)F)/C=C/C7=CNC8=C7C=C(C=C8)[N+]([O-])=O)C)C
IC4=C(C)C([N]3=C4C5=C(C)NC(C(OCC)=O)=C5C)=C(C2=C(C)C(I)=C(/C=C/C6=C(C)NC(C(OCC)=O)=C6C)N2[B]3(F)F)C1=CC(OC)=CC(OC)=C1,IC1=C(C([N+]2=C1C3=C(NC(C(OCC)=O)=C3C)C)=C(C4=CC(OC)=CC(OC)=C4)C5=C(C(I)=C(N5[B-]2(F)F)/C=C/C6=C(NC(C(OCC)=O)=C6C)C)C)C
IC4=C(C)C([N]3=C4/C=C/C5=CNC6=C5C=CC=C6)=C(C2=C(C)C(I)=C(/C=C/C7=CNC8=C7C=CC=C8)N2[B]3(F)F)C1=CC(OC)=CC(OC)=C1,IC1=C(C([N+]2=C1/C=C/C3=CNC4=C3C=CC=C4)=C(C5=CC(OC)=CC(OC)=C5)C6=C(C(I)=C(N6[B-]2(F)F)/C=C/C7=CNC8=C7C=CC=C8)C)C
IC4=C(C)C([N]3=C4/C=C/C5=CC=C(OCOCCOCCOC)C=C5)=C(C2=C(C)C(I)=C(/C=C/C6=CC=C(OCCOCCOCCOC)C=C6)N2[B]3(F)F)C1=CC(OC)=CC(OC)=C1,IC1=C(C([N+]2=C1/C=C/C3=CC=C(C=C3)OCOCCOCCOC)=C(C4=CC(OC)=CC(OC)=C4)C5=C(C(I)=C(N5[B-]2(F)F)/C=C/C6=CC=C(C=C6)OCCOCCOCCOC)C)C
IC4=C(C)C([N]3=C4/C=C/C5=CC=CS5)=C(C2=C(C)C(I)=C(/C=C/C6=CC=CS6)N2[B]3(F)F)C1=CC(OC)=CC(OC)=C1,IC1=C(C([N+]2=C1/C=C/C3=CC=CS3)=C(C4=CC(OC)=CC(OC)=C4)C5=C(C(I)=C(N5[B-]2(F)F)/C=C/C6=CC=CS6)C)C
IC4=C(C)C([N]3=C4/C=C/C5=CNC6=C5C=C([N+]([O-])=O)C=C6)=C(C2=C(C)C(I)=C(/C=C/C7=CNC8=C7C=C([N+]([O-])=O)C=C8)N2[B]3(F)F)C1=CC(OC)=CC(OC)=C1,IC1=C(C([N+]2=C1/C=C/C3=CNC4=C3C=C(C=C4)[N+]([O-])=O)=C(C5=CC(OC)=CC(OC)=C5)C6=C(C(I)=C(N6[B-]2(F)F)/C=C/C7=CNC8=C7C=C(C=C8)[N+]([O-])=O)C)C
IC4=C(C)C([N]3=C4/C=C/C5=C(C)NC(C(OCC)=O)=C5C)=C(C2=C(C)C(I)=C(/C=C/C6=C(C)NC(C(OCC)=O)=C6C)N2[B]3(F)F)C1=CC(OC)=CC(OC)=C1,IC1=C(C([N+]2=C1/C=C/C3=C(NC(C(OCC)=O)=C3C)C)=C(C4=CC(OC)=CC(OC)=C4)C5=C(C(I)=C(N5[B-]2(F)F)/C=C/C6=C(NC(C(OCC)=O)=C6C)C)C)C
IC3=C(C5=CC=CC=C5)C2=NC1=C(C6=CC=CC=C6)C(I)=C(C9=CC=C(OCC%10=CN(CCOC%11=CC=CC=C%11)N=N%10)C=C9)[N+]1[B-](F)(F)[N]2=C3C4=CC=C(OCC7=CN(CCOC8=CC=CC=C8)N=N7)C=C4,IC1=C(C2=NC3=C(C(I)=C(N3[B-](F)([N+]2=C1C4=CC=C(C=C4)OCC5=CN(N=N5)CCOC6=CC=CC=C6)F)C7=CC=C(C=C7)OCC8=CN(N=N8)CCOC9=CC=CC=C9)C%10=CC=CC=C%10)C%11=CC=CC=C%11
IC3=C(C5=CC=CC=C5)C2=NC1=C(C6=CC=CC=C6)C(I)=C(C9=CC=C(OCC%10=CN(CCOC%11=CC=C(C%16=C%15[N]([B-](F)(F)[N+]%17C%16=C(C)C=C%17C)=C(C)C=C%15C)C=C%11)[N][N]%10)C=C9)N1[B-](F)([F+])[N]2=C3C4=CC=C(OCC7=CN(CCOC8=CC=C(C%13=C%12[N]([B-](F)(F)[N+]%14C%13=C(C)C=C%14C)=C(C)C=C%12C)C=C8)[N][N]7)C=C4,IC1=C(C2=NC3=C(C(I)=C(N3[B-](F)([N+]2=C1C4=CC=C(C=C4)OCC5=CN([N-][N-]5)CCOC6=CC=C(C=C6)C7=C8[N]([B-](F)([N+]9C7=C(C=C9C)C)F)=C(C=C8C)C)F)C%10=CC=C(C=C%10)OCC%11=CN([N-][N-]%11)CCOC%12=CC=C(C=C%12)C%13=C%14[N]([B-](F)([N+]%15C%13=C(C=C%15C)C)F)=C(C=C%14C)C)C%16=CC=CC=C%16)C%17=CC=CC=C%17
IC3=C(C5=CC=CC=C5)C2=NC1=C(C6=CC=CC=C6)C(I)=C(C9=CC=C(OCC%10=CN(CCOC%11=CC=C(C%17=C%16[N]([B-](F)(F)[N+]%18C%17=C(C)C=C%18C)=C(/C=C/C%21=CC=C(N(CCCC)C%23=C%22C=CC=C%23)C%22=C%21)C=C%16C)C=C%11)[N][N]%10)C=C9)N1[B-](F)([F+])[N]2=C3C4=CC=C(OCC7=CN(CCOC8=CC=C(C%13=C%12[N]([B-](F)(F)[N+]%14C%13=C(C)C=C%14/C=C/C%15=CC=C(N(CCCC)C%20=C%19C=CC=C%20)C%19=C%15)=C(C)C=C%12C)C=C8)[N][N]7)C=C4,IC1=C(C2=NC3=C(C(I)=C(N3[B-](F)([N+]2=C1C4=CC=C(C=C4)OCC5=CN([N-][N-]5)CCOC6=CC=C(C=C6)C7=C8[N+]([B-](F)(N9C7=C(C=C9/C=C/C%10=CC=C(C%11=C%10)N(C%12=C%11C=CC=C%12)CCCC)C)F)=C(C=C8C)C)F)C%13=CC=C(C=C%13)OCC%14=CN([N-][N-]%14)CCOC%15=CC=C(C=C%15)C%16=C%17[N+]([B-](F)(N%18C%16=C(C=C%18C)C)F)=C(C=C%17C)/C=C/C%19=CC=C(C%20=C%19)N(C%21=C%20C=CC=C%21)CCCC)C%22=CC=CC=C%22)C%23=CC=CC=C%23
F[B]2(F)N1C=CC=C1C(C4=CC=CC=C4)=C3[N]2=CC=C3.C[o-OCH3],F[B-]1(N2C=CC=C2C(C3=C(OC)C=CC=C3)=C4[N+]1=CC=C4)F
F[B]2(F)N1C=CC=C1C(C4=CC=CC=C4)=C3[N]2=CC=C3.C[m-OCH3],F[B-]1(N2C=CC=C2C(C3=CC(OC)=CC=C3)=C4[N+]1=CC=C4)F
F[B]2(F)N1C=CC=C1C(C4=CC=CC=C4)=C3[N]2=CC=C3.C[p-OCH3],F[B-]1(N2C=CC=C2C(C3=CC=C(OC)C=C3)=C4[N+]1=CC=C4)F
F[B]2(F)N1C=CC=C1C(C4=C(OC)C=CC=C4OC)=C3[N]2=CC=C3,F[B-]1(N2C=CC=C2C(C3=C(C=CC=C3OC)OC)=C4[N+]1=CC=C4)F
F[B]2(F)N1C=CC=C1C(C4=C(OC)C=CC(OC)=C4)=C3[N]2=CC=C3,F[B-]1(N2C=CC=C2C(C3=C(C=CC(OC)=C3)OC)=C4[N+]1=CC=C4)F
F[B]2(F)N1C=CC=C1C(C4=C(OC)C=C(OC)C(OC)=C4)=C3[N]2=CC=C3,F[B-]1(N2C=CC=C2C(C3=C(C=C(C(OC)=C3)OC)OC)=C4[N+]1=CC=C4)F
F[B]2(F)N1C=CC=C1C(C4=C(OC)C=C(OC)C=C4OC)=C3[N]2=CC=C3,F[B-]1(N2C=CC=C2C(C3=C(C=C(C=C3OC)OC)OC)=C4[N+]1=CC=C4)F
IC3=C(C5=CC=CC=C5)C2=NC1=C(C6=CC=CC=C6)C(I)=C(C9=CC=C(OCC%10=CN(CCOC%11=CC=CC=C%11)N=N%10)C=C9)N1[B](F)(F)[N]2=C3C4=CC=C(OCC7=CN(CCOC8=CC=CC=C8)N=N7)C=C4,IC1=C(C2=NC3=C(C(I)=C(N3[B-](F)([N+]2=C1C4=CC=C(C=C4)OCC5=CN(N=N5)CCOC6=CC=CC=C6)F)C7=CC=C(C=C7)OCC8=CN(N=N8)CCOC9=CC=CC=C9)C%10=CC=CC=C%10)C%11=CC=CC=C%11
IC3=C(C5=CC=CC=C5)C2=NC1=C(C6=CC=CC=C6)C(I)=C(C9=CC=C(OCC%10=CN(CCOC%11=CC=C(C%16=C%15[N]([B](F)(F)N%17C%16=C(C)C=C%17C)=C(C)C=C%15C)C=C%11)N=N%10)C=C9)N1[B](F)(F)[N]2=C3C4=CC=C(OCC7=CN(CCOC8=CC=C(C%13=C%12[N]([B](F)(F)N%14C%13=C(C)C=C%14C)=C(C)C=C%12C)C=C8)N=N7)C=C4,IC1=C(C2=NC3=C(C(I)=C(N3[B-](F)([N+]2=C1C4=CC=C(C=C4)OCC5=CN(N=N5)CCOC6=CC=C(C=C6)C7=C8[N](B(F)(N9C7=C(C=C9C)C)F)=C(C=C8C)C)F)C%10=CC=C(C=C%10)OCC%11=CN(N=N%11)CCOC%12=CC=C(C=C%12)C%13=C%14[N](B(F)(N%15C%13=C(C=C%15C)C)F)=C(C=C%14C)C)C%16=CC=CC=C%16)C%17=CC=CC=C%17
CC1=C(I)C(C)=[N]4C1=C(C3=C(C)C(I)=C(C)N3[B](F)4F)C2=CC=CC=C2,CC1=C(C(C)=[N+]2C1=C(C3=CC=CC=C3)C4=C(C(I)=C(N4[B-]2(F)F)C)C)I
CC(C=C(/C=C/C6=CC=CC=C6)N4[B](F)5F)=C4C(C2=CC=C(C3=CC=C(C(C%11C%20=C%10)N(C)CC9%10=C(C%19=C%20%21)C8=C%12C%13=C(CC%14=CC%15=CC%16=CC%17=CC%11=C%18C%21=C%23C%19=C%12C%22=C%13C%14=C%15C(C%22=C%23%24)=C%16C%24=C%17%18)C=C8C9)C=C3)C=C2)=C1[N]5=C(/C=C/C7=CC=CC=C7)C=C1C,CC1=C(C(C2=CC=C(C=C2)C3=CC=C(C=C3)C4C5C6=CC7(C8C9=C6C%10=C%11C9=C%12C%13=C8C(C7)=CC(CC%14=CC%15=CC%16=C%17)=C%13C(C%14=C%15C%18=C%16%19)=C%12C%18=C%11C%19=C%20C%17=CC5=C%10%20)CN4C)=C%21[N+]%22=C(C=C%21C)/C=C/C%23=CC=CC=C%23)N([B-]%22(F)F)C(/C=C/C%24=CC=CC=C%24)=C1
CC(C=C(C)N3[B](F)4F)=C3C(C2=CC=C(C%11=CC=C(C(C%15C%24=C%14)N(C)CC%13%14=C(C%23=C%24%25)C%12=C%16C%17=C(CC%18=CC%19=CC%20=CC%21=CC%15=C%22C%25=C%27C%23=C%16C%26=C%17C%18=C%19C(C%26=C%27%28)=C%20C%28=C%21%22)C=C%12C%13)C=C%11)C=C2)=C1[N]4=C(C)C(C5=CC=C(C7=C6C(C)=CC(/C=C/C%10=CC=CC=C%10)=[N]6[B](F)(F)N8C7=C(C)C=C8/C=C/C9=CC=CC=C9)C=C5)=C1C,CC1=C(C(C2=CC=C(C=C2)C3=CC=C(C=C3)C4C5C6=CC7(C8C9=C6C%10=C%11C9=C%12C%13=C8C(C7)=CC(CC%14=CC%15=CC%16=C%17)=C%13C(C%14=C%15C%18=C%16%19)=C%12C%18=C%11C%19=C%20C%17=CC5=C%10%20)CN4C)=C%21[N+]%22=C(C(C%23=CC=C(C=C%23)C%24=C%25C(C)=CC(/C=C/C%26=CC=CC=C%26)=[N+]%25[B-](F)(N%27C%24=C(C=C%27/C=C/C%28=CC=CC=C%28)C)F)=C%21C)C)N([B-]%22(F)F)C(C)=C1
CCC[CH2].CC1=C(C5=CC=C(C(C9C%18=C8)N(C)CC78=C(C%17=C%18%19)C6=C%10C%11=C(CC%12=CC%13=CC%14=CC%15=CC9=C%16C%19=C%21C%17=C%10C%20=C%11C%12=C%13C(C%20=C%21%22)=C%14C%22=C%15%16)C=C6C7)C=C5)C(C)=[N]4C1=C(C3=C(C)C=C(C)N3[B](F)4F)C2=CC=C(OC)C=C2,remove
CC(C(C9=CC=C(C(C%13C%22=C%12)N(C)CC%11%12=C(C%21=C%22%23)C%10=C%14C%15=C(CC%16=CC%17=CC%18=CC%19=CC%13=C%20C%23=C%25C%21=C%14C%24=C%15C%16=C%17C(C%24=C%25%26)=C%18C%26=C%19%20)C=C%10C%11)C=C9)=C(C)N3[B](F)4F)=C3C(C2=CC=C(OC)C=C2)=C1[N]4=C(C)C(C5=CC=C(C7=C6C(C)=CC(C)=[N]6[B](F)(F)N8C7=C(C)C=C8C)C=C5)=C1C.CCC[CH2],remove
CC(C(C%15=CC=C(C(C%19C%28=C%18)N(C)CC%17%18=C(C%27=C%28%29)C%16=C%20C%21=C(CC%22=CC%23=CC%24=CC%25=CC%19=C%26C%29=C%31C%27=C%20C%30=C%21C%22=C%23C(C%30=C%31%32)=C%24C%32=C%25%26)C=C%16C%17)C=C%15)=C(C)N3[B](F)4F)=C3C(C2=CC=C(OC)C=C2)=C1[N]4=C(C)C(C5=CC=C(C7=C6C(C)=CC(C)=[N]6[B](F)(F)N8C7=C(C)C(C9=CC=C(C(C%11=C(C)C=C(/C=C/C%13=CC=CC=C%13)N%11[B](F)%12F)=C%10[N]%12=C(/C=C/C%14=CC=CC=C%14)C=C%10C)C=C9)=C8C)C=C5)=C1C.CCC[CH2],remove
CC(C(C%16=CC=C(C(C%20C%29=C%19)N(C)CC%18%19=C(C%28=C%29%30)C%17=C%21C%22=C(CC%23=CC%24=CC%25=CC%26=CC%20=C%27C%30=C%32C%28=C%21C%31=C%22C%23=C%24C(C%31=C%32%33)=C%25C%33=C%26%27)C=C%17C%18)C=C%16)=C(C)N3[B](F)4F)=C3C(C2=CC=C(OCCCC)C=C2)=C1[N]4=C(C)C(C5=CC=C(C7=C6C(C)=C(C#CC%15=CC=CC=C%15)C(C)=[N]6[B](F)(F)N8C7=C(C)C(C9=CC=C(C(C%11=C(C)C=C(/C=C/C%13=CC=CC=C%13)N%11[B](F)%12F)=C%10[N]%12=C(/C=C/C%14=CC=CC=C%14)C=C%10C)C=C9)=C8C)C=C5)=C1C,remove
CC(C(I)=C(C)N3[B](F)4F)=C3C(C2=CC=CC=C2)=C1[N]4=C(C)C(I)=C1C,CC1=C(C(C2=CC=CC=C2)=C3[N+]4=C(C(I)=C3C)C)N([B-]4(F)F)C(C)=C1I
CC1=C(I)C(C)=[N]4C1=C(C3=C(C)C=C(C)N3[B](F)4F)C2=CC=CC=C2,CC1=C(C(C)=[N+]2C1=C(C3=CC=CC=C3)C4=C(C=C(N4[B-]2(F)F)C)C)I
CC(C(I)=C(C)N3[B](F)4F)=C3C(C2=CC=CC=C2)=C1[N]4=C(C)C(C#CC5=CC=CC=C5)=C1C,CC1=C(C(C2=CC=CC=C2)=C3[N+]4=C(C(C#CC5=CC=CC=C5)=C3C)C)N([B-]4(F)F)C(C)=C1I
CC(C(I)=C(/C=C/C5=CC=CC=C5)N3[B](F)4F)=C3C(C2=CC=CC=C2)=C1[N]4=C(/C=C/C6=CC=CC=C6)C(I)=C1C,CC1=C(C(C2=CC=CC=C2)=C3[N+]4=C(C(I)=C3C)/C=C/C5=CC=CC=C5)N([B-]4(F)F)C(/C=C/C6=CC=CC=C6)=C1I
F[B]([N]2=C(C)C(C5=CC=C(C(N(C)CC%12%13%14=C%27C%25=C%15%16)C6%12%15=C%13C%11=C(C%36=C%37%38)C%14=C%28C(C%36=C%30C%38=C%31%32)=C%21C%29=C%20C%26=C%19C%18=C(C%25=C%26C%27=C%28%29)C%17=C%16C7=C6C%10=C9C8=C7C(C%17=C%18C%24=C%33C%19=C%20C%35=C%21C%30=C%34C%32=C%22C(C%33=C%34%35)=C%23%24)=C%23C8=C%22C%31=C9C%37=C%10%11)C=C5)=C(C)C2=C3C4=CC=CC=C4)(F)N1C3=C(C)C=C1C,remove
F[B]([N]3=C(/C=C/C6=CC=CC=C6)C=C(C)C3=C4C5=CC=C(C7=CC=C(C%18N(C)CC%17(C%18)%26=C%14C8=C%13C%11=C%10C9=C8C%16=C%21C9=C%23C%19=C%10C(C%33=C%35C%19=C%24C%36=C%38C%22=C%31C%20=C%21C%22=C%23%24)=C%11C%12=C(C%33=C%34C%35=C%36C%37=C%38%39)C%28=C%15C%12=C%13C%14=C(C%25=C%26%27)C%15=C(C%29=C%28C%34=C%37C%29=C%30C%39=C%31%32)C%25=C%30C%32=C%27C%20=C%16%17)C=C7)C=C5)(F)N1C4=C(C)C=C1/C=C/C2=CC=CC=C2,remove
CC1=C(I)C(C)=C3N1[B](F)(F)[N]2=C(C)C(I)=C(C)C2=C3C4=CC=CC=C4,CC1=C(C(C)=C2N1[B-](F)([N+]3=C(C(I)=C(C3=C2C4=CC=CC=C4)C)C)F)I
IC1=C(/C=C/C5=CC=CC=C5)N([B](F)(F)[N]2=C(/C=C/C6=CC=CC=C6)C(I)=C(C)C2=C3C4=CC=CC=C4)C3=C1C,IC1=C(N(C2=C1C)[B-](F)([N+]3=C(C(I)=C(C3=C2C4=CC=CC=C4)C)/C=C/C5=CC=CC=C5)F)/C=C/C6=CC=CC=C6
CC(C=C3C)=C2N3[B](F)(F)[N]1=C(C)C=C(C)C1=C2,CC1=C2N([B-](F)([N+]3=C(C=C(C3=C2)C)C)F)C(C)=C1
CC1=C(I)C(C)=C3N1[B](F)(F)[N]2=C(C)C(I)=C(C)C2=C3,CC1=C(C(C)=C2N1[B-](F)([N+]3=C(C(I)=C(C3=C2)C)C)F)I
CC1=CC(C)=C3N1[B](F)(F)[N]2=C(C)C=C(C)C2=C3C,CC1=CC(C)=C2N1[B-](F)([N+]3=C(C=C(C3=C2C)C)C)F
CC1=C(I)C(C)=C3N1[B](F)(F)[N]2=C(C)C(I)=C(C)C2=C3C,CC1=C(C(C)=C2N1[B-](F)([N+]3=C(C(I)=C(C3=C2C)C)C)F)I
CC1=CC(C)=C3N1[B](F)(F)[N]2=C(C)C=C(C)C2=C3C4=CC=CC=C4,CC1=CC(C)=C2N1[B-](F)([N+]3=C(C=C(C3=C2C4=CC=CC=C4)C)C)F
CC1=CC(C)=C3N1[B](F)(F)[N]2=C(C)C=C(C)C2=C3C4=CC=C(I)C=C4,CC1=CC(C)=C2N1[B-](F)([N+]3=C(C=C(C3=C2C4=CC=C(C=C4)I)C)C)F
CC3=C(C)C2=C(C4=CC=CC=C4)C1=C(C)C(I)=C(C)N1[B](F)(F)[N]2=C3C.[I],CC1=C(C2=C(C3=C(C(I)=C(N3[B-](F)([N+]2=C1C)F)C)C)C4=CC=CC=C4)C.[I-]
IC3=C(C)C2=C(C5=CC=C(OCC6=CN(CCOC8=CC=C(C9C(C=C%11)C(OC%10=C9C=CC(N(CC)CC)=C%10)=C/C%11=[N+](CC)\CC)C=C8)N=N6)C=C5)C1=C(C)C(I)=C(/C=C/C7=CC=CC=C7)N1[B](F)(F)[N]2=C3/C=C/C4=CC=CC=C4,IC1=C(C2=C(C3=C(C(I)=C(N3[B-](F)([N+]2=C1/C=C/C4=CC=CC=C4)F)/C=C/C5=CC=CC=C5)C)C6=CC=C(C=C6)OCC7=CN(N=N7)CCOC8=CC=C(C=C8)C9C(C(OC%10=C9C=CC(N(CC)CC)=C%10)=C/%11)C=CC%11=[N+](CC)/CC)C
IC3=C(C)C2=C(C5=CC=C(OCC6=CN(CCOC7=CC=C(C8C(C=C%10)C(OC9=C8C=CC(N(CC)CC)=C9)=C/C%10=[N+](CC)\CC)C=C7)N=N6)C=C5)C1=C(C)C(I)=C(C)N1[B](F)(F)[N]2=C3/C=C/C4=CC=C(N(C)C)C=C4,IC1=C(C2=C(C3=C(C(I)=C(N3[B-](F)([N+]2=C1/C=C/C4=CC=C(C=C4)N(C)C)F)C)C)C5=CC=C(C=C5)OCC6=CN(N=N6)CCOC7=CC=C(C=C7)C8C(C(OC9=C8C=CC(N(CC)CC)=C9)=C/%10)C=CC%10=[N+](CC)/CC)C
IC3=C(C)C2=C(C5=CC=CC=C5)C1=C(C)C(I)=C(/C=C/C6=CC=CC=C6)N1[B](F)(F)[N]2=C3/C=C/C4=CC=CC=C4,IC1=C(C2=C(C3=C(C(I)=C(N3[B-](F)([N+]2=C1/C=C/C4=CC=CC=C4)F)/C=C/C5=CC=CC=C5)C)C6=CC=CC=C6)C
IC3=C(C)C2=C(C5=CC=C(OCC#C)C=C5)C1=C(C)C(I)=C(C)N1[B](F)(F)[N]2=C3/C=C/C4=CC=C(N(C)C)C=C4,IC1=C(C2=C(C3=C(C(I)=C(N3[B-](F)([N+]2=C1/C=C/C4=CC=C(C=C4)N(C)C)F)C)C)C5=CC=C(C=C5)OCC#C)C
F[B]2(F)[N]1=C(C=CC5=CC=C(OCC#C)C=C5)C=C(C)C1=C(C4=CC=C([N+]([O-])=O)C=C4)C3=C(C)C(C7=[C@@]6[C@](C)=C[C@](C)=[N]6[B](F)(F)N8C7=C(C=C8C)C)=C(C)N23,F[B-]1([N+]2=C(C=C(C2=C(C3=C(C(C4=C5C(C)=CC(C)=[N+]5[B-](F)(N6C4=C(C)C=C6C)F)=C(N13)C)C)C7=CC=C(C=C7)[N+]([O-])=O)C)C=CC8=CC=C(C=C8)OCC#C)F
[H]C3=C([H])C2=C(C4=CC=C(C)C=C4)C1=C([H])C([H])=C([H])N1[B](F)(F)[N]2=C3[H],[H]C1=C(C2=C(C3=C(C([H])=C(N3[B-](F)([N+]2=C1[H])F)[H])[H])C4=CC=C(C=C4)C)[H]
CC3=C([H])N2[B](F)(F)[N]1=C([H])C(Br)=C([H])C1=C(C4=CC=C(C)C=C4)C2=C3[H].[Br],BrC1=C([H])N2[B-]([N+]3=C([H])C(Br)=C([H])C3=C(C4=CC=C(C)C=C4)C2=C1[H])(F)F
CC3=C(Br)N2[B](F)(F)[N]1=C(Br)C([H])=C([H])C1=C(C4=CC=C(C)C=C4)C2=C3[H].[H],[H]C1=C(Br)N2[B-]([N+]3=C(Br)C([H])=C([H])C3=C(C4=CC=C(C)C=C4)C2=C1[H])(F)F
CC3=C(Br)N2[B](F)(F)[N]1=C(Br)C(Br)=C([H])C1=C(C4=CC=C(C)C=C4)C2=C3[H].[Br],BrC1=C(Br)N2[B-]([N+]3=C(Br)C(Br)=C([H])C3=C(C4=CC=C(C)C=C4)C2=C1[H])(F)F
CC3=C(Br)N2[B](F)(F)[N]1=C(Br)C(Br)=C(Br)C1=C(C4=CC=C(C)C=C4)C2=C3Br.[Br],BrC1=C(N2[B-](F)([N+]3=C(C(Br)=C(C3=C(C2=C1Br)C4=CC=C(C=C4)C)Br)Br)F)Br
CC3=C(I)N2[B](F)(F)[N]1=C(I)C(I)=C([H])C1=C(C4=CC=C(C)C=C4)C2=C3[H].[I],IC1=C(I)N2[B-]([N+]3=C(I)C(I)=C([H])C3=C(C4=CC=C(C)C=C4)C2=C1[H])(F)F
CC3=C([H])N2[B](F)(F)[N]1=C([H])C(I)=C([H])C1=C(C4=CC=C(C)C=C4)C2=C3[H].[I],IC1=C([H])N2[B-]([N+]3=C([H])C(I)=C([H])C3=C(C4=CC=C(C)C=C4)C2=C1[H])(F)F
CC3=C(C)N2[B](F)(F)C1=C(Br)C(Br)=C([H])C1=CC2=C3C.C[CH2],F[B-](F)(C1=C(C(Br)=C(C1=CC2=C3C)[H])Br)N2C(C)=C3CC
CC3=C(C)N2[B](F)(F)C1=C([H])C(I)=C(I)C1=CC2=C3C.C[CH2],F[B-](F)(C1=C(C(I)=C(C1=CC2=C3C)I)[H])N2C(C)=C3CC
CC3=C(C)N2[B](F)(F)C1=C(I)C(I)=C([H])C1=CC2=C3C.C[CH2],F[B-](F)(C1=C(C(I)=C(C1=CC2=C3C)[H])I)N2C(C)=C3CC
CC3=C(C)N2[B](F)(F)C1=C(I)C(I)=C(I)C1=CC2=C3C.C[CH2],F[B-](F)(C1=C(C(I)=C(C1=CC2=C3C)I)I)N2C(C)=C3CC
CC3=C(C)N2[B](F)(F)[N]1=C(C)C(I)=CC1=C(NC)C2=C3.[I],IC1=C(N2[B-](F)([N+]3=C(C(I)=CC3=C(C2=C1)NC)C)F)C
[NH-propynyl]C2=C1[N]([B](F)(F)N3C2=CC(C)=C3C)=C(C)C(I)=C1.[I],F[B-](F)(N1C2=CC(I)=C1C)[N+](C3=C2NC#CC)=C(C(I)=C3)C
CC3=C(C)N2[B](F)(F)[N]1=C(C)C(Br)=CC1=C(SC)C2=C3.[Br],CC1=C(N2[B-](F)([N+]3=C(C(Br)=CC3=C(C2=C1)SC)C)F)C.[Br-]
CC3=C(C)N2[B](F)(F)[N]1=C(C)C(I)=CC1=C(SC)C2=C3.[I],CC1=C(N2[B-](F)([N+]3=C(C(I)=CC3=C(C2=C1)SC)C)F)C.[I-]
CC3=C(C)N2[B](F)(F)[N]1=C(C)C(I)=CC1=C(C#CC#CC#C)C2=C3.[H-]C(O)=O.[HH].[I],CC1=C(N2[B-](F)([N+]3=C(C(I)=CC3=C(C2=C1)C#CC#CC#C)C)F)C.[H]C(O)=O.[HH].[I-]
CC1=CC(C)=[N]3C1=C(C)C2=C(C)C(C(C(N6C(C)=C5)=C5C)=[C@]4[N]([B](F)6F)=[C@@](C)C=[C@]4C)=C(C)N2[B](F)3F,CC1=CC(C)=[N+]2C1=C(C3=C(C(C(C4=C(C)C=C(C)N4[B-]5(F)F)=C6[N+]5=C(C=C6C)C)=C(N3[B-]2(F)F)C)C)C
CC1=CC(C)=[N]3C1=C([4-nitrophenyl])C2=C(C)C(C(C(N6C(C)=C5)=C5C)=[C@]4[N]([B](F)6F)=[C@@](C)C=[C@]4C)=C(C)N2[B](F)3F,CC1=CC(C)=[N+]2C1=C(C3=C(C(C(C4=C(C)C=C(C)N4[B-]5(F)F)=C6[N+]5=C(C=C6C)C)=C(N3[B-]2(F)F)C)C)C7=CC=C([N+]([O-])=O)C=C7
CC1=CC(C)=[N]3C1=C([4-aimnophenyl])C2=C(C)C(C(C(N6C(C)=C5)=C5C)=[C@]4[N]([B](F)6F)=[C@@](C)C=[C@]4C)=C(C)N2[B](F)3F,CC1=CC(C)=[N+]2C1=C(C3=C(C(C(C4=C(C)C=C(C)N4[B-]5(F)F)=C6[N+]5=C(C=C6C)C)=C(N3[B-]2(F)F)C)C)C7=CC=C(N)C=C7
CC1=C([2-thienyl])C(C)=[N]3C1=C(C)C2=C(C)C(C(C5=C(C)C([2-thienyl])=C(C)N5[B](F)6F)=[C@]4[N]6=[C@@](C)[C@@]([2-thienyl])=[C@]4C)=C(C)N2[B](F)3F,CC1=C(C(C)=[N+]2C1=C(C3=C(C(C(C4=C(C(C5=CC=CS5)=C(N4[B-](F)6F)C)C)=C7[N+]6=C(C(C8=CC=CS8)=C7C)C)=C(N3[B-]2(F)F)C)C)C)C9=CC=CS9
IC(C=C5)=CC=C5C2=C1[N]([B](F)(F)N3C2=C(C)C(C(C7=C8C)=[C@]([C@](C)=C9)[N]([B](F)(F)N7C(C)=C8)=[C@]9C)=C3/C=C/C4=CC=C(OC)C=C4)=C(/C=C/C6=CC=C(OC)C=C6)C=C1C,IC1=CC=C(C2=C3[N+]([B-](F)(N4C2=C(C(C(C5=C6C)=C7C(C)=CC(C)=[N+]7[B-](F)(N5C(C)=C6)F)=C4/C=C/C8=CC=C(C=C8)OC)C)F)=C(C=C3C)/C=C/C9=CC=C(C=C9)OC)C=C1
[H][c](C(C=C9)=CC=C9/C(C2=CC=C(/C(C7=CC=C(C([H])=O)C=C7)=C3/C=CC4=N3)N2)=C1/N=C(\C(C8=CC=C(C([H])=O)C=C8)=C(C=C6)/N/C6=C4/C5=CC=C(C(NC)=O)C=C5)C=C1)=O.[*][C@@H]%10O[C@@H](CO)[C@@H](O[C@@H]%11OC(CO)[C@@H](O[*])[C@H](O)[C@H]%11NC(C)=O)C(O)C%10,[H]C(C1=CC=C(/C2=C3N=C(C=C/3)/C(C4=CC=C(C=C4)C([H])=O)=C(N/5)/C=CC5=C(C6=CC=C(C=C6)C(NC)=O)\C7=N/C(C=C7)=C(C8=CC=C(C=C8)C([H])=O)\C9=CC=C2N9)C=C1)=O.C[C@@H]%10O[C@H]([C@H](C(C%10)O)O[C@@H]%11OC([C@H]([C@@H]([C@H]%11NC(C)=O)O)OC)CO)CO
[H]C(C=C%12)=CC=C%12C5=C1C=CC2=[N]1[2H](N4C8=CC=C45)7N6C(C=CC6=C(C#CC%11=CC=C(N(C%14=CC=C(/C=C/CC%15=CC=NC=C%15)C=C%14)C%13=CC=C(/C=C/CC%16=CC=NC=C%16)C=C%13)C=C%11)C%10=[N]7C(C=C%10)=C8C9=CC=C([H])C=C9)=C2C3=CC=C([H])C=C3,prob
FC1=C(S[C@@H]%13O[C@H](CO)[C@@H](O)[C@H](O)[C@H]%13O)C(F)=C(F)C(C4=C2C=CC8=[N@@]2[2H]([N@@]5=C%11C=CC5=C6C7=C(F)C(F)=C(S[C@@H]%14O[C@H](CO)[C@@H](O)[C@H](O)[C@H]%14O)C(F)=C7F)(N%10C(C=CC%10=C%11C%12=C(F)C(F)=C(S[C@@H]%15O[C@H](CO)[C@@H](O)[C@H](O)[C@H]%15O)C(F)=C%12F)=C8C9=C(F)C(F)=C(S[C@@H]%16O[C@H](CO)[C@@H](O)C(O)[C@H]%16O)C(F)=C9F)N3C6=CC=C34)=C1F,prob
[H]C(C=C9)=CC=C9/C(C2=CC=C(\C(C8=CC=C(NC(=S)(C%10=CC=C(CO)C=C%10[N+]([O-])=O)=S)C=C8)=C3/N=C(\C(C7=CC=C([H])C=C7)=C(C=C6)/N/C6=C4C5=CC=C([H])C=C5)C=C3)N2)=C1C=CC\4=N/1,[H]C1=CC=C(/C(C2=CC=C(N2)/C(C3=CC=C(C=C3)NS(=O)(C4=CC=C(C=C4[N+]([O-])=O)CO)=O)=C5N=C(C=C/5)/C(C6=CC=C(C=C6)[H])=C(N/7)\C=CC7=C8\C9=CC=C(C=C9)[H])=C%10C=CC8=N/%10)C=C1
[H]C(C=C9)=CC=C9\C(C(C=C6)=N/C6=C4C5=CC=C(NC(=S)(C%11=CC=C(CO)C=C%11[N+]([O-])=O)=S)C=C5)=C(N2)/C=C/C2=C(C7=CC=C([H])C=C7)/C3=N/C(C=C3)=C(C8=CC=C(NC(=S)(C%10=CC=C(CO)C=C%10[N+]([O-])=O)=S)C=C8)\C1=CC=C\4N1,[H]C1=CC=C(/C(C(C=C/2)=NC2=C3C4=CC=C(C=C4)NS(=O)(C5=CC=C(C=C5[N+]([O-])=O)CO)=O)=C(C=C/6)\NC6=C(C7=N/C(C=C7)=C(C8=CC=C/3N8)\C9=CC=C(C=C9)NS(=O)(C%10=CC=C(C=C%10[N+]([O-])=O)CO)=O)/C%11=CC=C(C=C%11)[H])C=C1
[H]C(C=C9)=CC=C9/C(C5=N/C(C=C5)=C3C4=CC=C(NC(=S)(C%10=CC=C(CO)C=C%10[N+]([O-])=O)=S)C=C4)=C(C=C2)/N/C2=C(C8=CC=C(NC(=S)(C%11=CC=C(CO)C=C%11[N+]([O-])=O)=S)C=C8)\C(C=C6)=N/C6=C(C7=CC=C([H])C=C7)\C1=CC=C\3N1,[H]C1=CC=C(/C(C2=N/C(C=C2)=C3C4=CC=C(C=C4)NS(=O)(C5=CC=C(C=C5[N+]([O-])=O)CO)=O)=C(N/6)/C=CC6=C(C(C=C/7)=NC7=C(C8=CC=C\3N8)/C9=CC=C(C=C9)[H])\C%10=CC=C(C=C%10)NS(=O)(C%11=CC=C(C=C%11[N+]([O-])=O)CO)=O)C=C1
[H]C(C=C9)=CC=C9/C(C5=N/C(C=C5)=C3C4=CC=C(NC(=S)(C%10=CC=C(CO)C=C%10[N+]([O-])=O)=S)C=C4)=C(C=C2)/N/C2=C(C8=CC=C(NC(=S)(C%11=CC=C(CO)C=C%11[N+]([O-])=O)=S)C=C8)\C(C=C6)=N/C6=C(C7=CC=C(NC(=S)(C%12=CC=C(CO)C=C%12[N+]([O-])=O)=S)C=C7)\C1=CC=C\3N1,[H]C1=CC=C(/C(C2=N/C(C=C2)=C3C4=CC=C(C=C4)NS(=O)(C5=CC=C(C=C5[N+]([O-])=O)CO)=O)=C(N/6)/C=CC6=C(C(C=C/7)=NC7=C(C8=CC=C\3N8)/C9=CC=C(C=C9)NS(=O)(C%10=CC=C(C=C%10[N+]([O-])=O)CO)=O)\C%11=CC=C(C=C%11)NS(=O)(C%12=CC=C(C=C%12[N+]([O-])=O)CO)=O)C=C1
S=C(NC(C=C9)=CC=C9/C2=C1/N=C(\C(C7=CC=C(NC(=S)(C%13=CC=C(CO)C=C%13[N+]([O-])=O)=S)C=C7)=C(C=C4)/N/C4=C(C8=CC=C(NC(=S)(C%11=CC=C(CO)C=C%11[N+]([O-])=O)=S)C=C8)\C(C=C5)=N/C5=C(C6=CC=C(NC(=S)(C%12=CC=C(CO)C=C%12[N+]([O-])=O)=S)C=C6)\C3=CC=C2N3)C=C1)(C%10=CC=C(CO)C=C%10[N+]([O-])=O)=S,O=S(NC1=CC=C(/C2=C3N=C(C=C/3)/C(C4=CC=C(C=C4)NS(=O)(C5=CC=C(C=C5[N+]([O-])=O)CO)=O)=C(N/6)/C=CC6=C(C(C=C/7)=NC7=C(C8=CC=C2N8)\C9=CC=C(C=C9)NS(=O)(C%10=CC=C(C=C%10[N+]([O-])=O)CO)=O)/C%11=CC=C(C=C%11)NS(=O)(C%12=CC=C(C=C%12[N+]([O-])=O)CO)=O)C=C1)(C%13=CC=C(C=C%13[N+]([O-])=O)CO)=O
[CH2COOtBu]NC(C=C9)=CC=C9/C(C2=CC=C(\C(C8=CC=CC=C8)=C3/N=C(\C(C7=CC=CC=C7)=C(C=C6)/N/C6=C4C5=CC=CC=C5)C=C3)N2)=C1C=CC\4=N/1,O=C(OC(C)(C)C)CNC1=CC=C(/C(C2=CC=C(N2)/C(C3=CC=CC=C3)=C4N=C(C=C/4)/C(C5=CC=CC=C5)=C(N/6)\C=CC6=C7\C8=CC=CC=C8)=C9C=CC7=N/9)C=C1
[CH2CO2(PEG)3]N([DNs])C(C=C9)=CC=C9/C(C2=CC=C(\C(C8=CC=C(N([DNs])[CH2CO2(PEG)3])C=C8)=C3/N=C(\C(C7=CC=C(N([DNs])[CH2CO2PEG)3])C=C7)=C(C=C6)/N/C6=C4C5=CC=C(N([DNs])[CH2CO2(PEG)3])C=C5)C=C3)N2)=C1C=CC\4=N/1,prob
CC5=C(CCC(OC)=O)/C6=C/C2=N/C(C(C)C2CCC(OC)=O)=C\C1=C(C)C(/C([H])=C([H])\[H])=C(/C=C(N=C4\C=C5/N6)/[C@@]3(C)C4=C[C@]([H])([H])[C@@]([H])([C@@](O)=O)[C@]([H])3[C@](OC)=O)N1.[PF6-],CC1=C(/C2=C/C3=N/C(C(C3CCC(OC)=O)C)=C\C4=C(C(C([H])=C([H])[H])=C(N4)/C=C([C@]5(C6=CC([H])([C@@](C(O)=O)([C@]5(C(OC)=O)[H])[H])[H])C)\N=C6/C=C1\N2)C)CCC(OC)=O
CC(C(N78)=C6)=C(C(OC)=O)C7=C(CC(OC)=O)C5=[N@@]2C([C@](C)([H])=[C@@]([H])5CCC([o]C)=[o])=CC1=C(C)C(C9CCC%10=C(C(C=CC=C%11)=C%11OC%10=O)O9)=C4N1[2H]82[N@]3=C6C(CC)=C(C)C3=C4,prob
CC(C(N78)=C6)=C(C(OC)=O)C7=C(CC(OC)=O)C5=[N@@]2C([C@](C)([H])=[C@@]([H])5CCC([o]C)=[o])=CC1=C(C)C(C9CCC%10=C(C(C=C(C)C=C%11)=C%11OC%10=O)O9)=C4N1[2H]82[N@]3=C6C(CC)=C(C)C3=C4,prob
CC(C(N78)=C6)=C(C(OC)=O)C7=C(CC(OC)=O)C5=[N@@]2C([C@](C)([H])=[C@@]([H])5CCC([o]C)=[o])=CC1=C(C)C(C9CCC%10=C(C(C=CC=C%11)=C%11N(C)C%10=O)O9)=C4N1[2H]82[N@]3=C6C(CC)=C(C)C3=C4,prob
CC(C(N78)=C6)=C(C(OC)=O)C7=C(CC(OC)=O)C5=[N@@]2C([C@](C)([H])=[C@@]([H])5CCC([o]C)=[o])=CC1=C(C)C(C9CCC%10=C(C(C(C=CC=C%11)=C%11C%10=O)=O)O9)=C4N1[2H]82[N@]3=C6C(CC)=C(C)C3=C4,prob
CC(C(N78)=C6)=C(CCC(OC)=O)C7=CC5=[N@@]2C(C(C)=C5CCC([o]C)=[o])=CC1=C(C)C(C9OC(C(C=CC=C%11)=C%11OC%10=O)C%10CC9)=C4N1[2H]82[N@]3=C6C(C%12OC(C(C=CC=C%14)=C%14OC%13=O)C%13CC%12)=C(C)C3=C4,prob
CC(C(N78)=C6)=C(CCC(OC)=O)C7=CC5=[N@@]2C(C(C)=C5CCC([o]C)=[o])=CC1=C(C)C(C9OC(C(C=C(C)C=C%11)=C%11OC%10=O)C%10CC9)=C4N1[2H]82[N@]3=C6C(C%12OC(C(C=C(C)C=C%14)=C%14OC%13=O)C%13CC%12)=C(C)C3=C4,prob
CC(C(N78)=C6)=C(CCC(OC)=O)C7=CC5=[N@@]2C(C(C)=C5CCC([o]C)=[o])=CC1=C(C)C(C9OC(C(C=CC=C%11)=C%11N(C)C%10=O)C%10CC9)=C4N1[2H]82[N@]3=C6C(C%12OC(C(C=CC=C%14)=C%14N(C)C%13=O)C%13CC%12)=C(C)C3=C4,prob
CC(C(N78)=C6)=C(CCC(OC)=O)C7=CC5=[N@@]2C(C(C)=C5CCC([o]C)=[o])=CC1=C(C)C(C9OC(C(C(C=CC=C%13)C%13C%10=O)=O)=C%10CC9)=C4N1[2H]82[N@]3=C6C(C%11OC(C(C(C=CC=C%14)=C%14C%12=O)=O)=C%12CC%11)=C(C)C3=C4,prob
[-]OCCOCCOCCOC(C=C8)=CC=C8\C(C(C=C5)=N/C5=C3C4=CC=C(OCCOCCOCCOC)C=C4)=C(N6)/C=C/C6=C(C9=CC=C(OCCOCCOCCOC)C=C9)/C2=N/C(C=C2)=C(C7=CC=C(OCCOCCOCCOC)C=C7)\C1=CC=C\3N1,COCCOCCOCCOC1=CC=C(/C(C(C=C/2)=NC2=C3C4=CC=C(C=C4)OCCOCCOCCOC)=C(C=C/5)\NC5=C(C6=N/C(C=C6)=C(C7=CC=C/3N7)\C8=CC=C(C=C8)OCCOCCOCCOC)/C9=CC=C(C=C9)OCCOCCOCCOC)C=C1
C[N]1=C2C=C/C1=C(C3=CC=CC=C3)/C4=CC=C5N4[P+]([N]6=C7C=CC6=C5C8=CC=CC=C8)(OCC(F)(F)F)(OCC(F)(F)F)N9/C(C=CC9=C7C%10=CC=CC=C%10)=C2/C%11=CC=CC=C%11.[Cl-],prob
Cl[P+]12([N]3=C4C=CC3=C5C6=CC=C(OC)C=C6)(Cl)N7C(C=CC7=C4C8=CC=C(OC)C=C8)=C(C9=CC=C(OC)C=C9)C(C=C%10)=[N]1C%10=C(C%11=CC=C(OC)C=C%11)C%12=CC=C5N%122.[Cl-],prob
COC(C=C1)=CC=C1C2=C3C=CC4=[N]3[P+]5([N]6=C7C=CC6=C(C8=CC=C(OC)C=C8)C9=CC=C2N95)(OC)(OC)N%10C(C=CC%10=C7C%11=CC=C(OC)C=C%11)=C4C%12=CC=C(OC)C=C%12.[Cl-],prob
COC(C=C1)=CC=C1C2=C3C=CC4=[N]3[P+]5([N]6=C7C=CC6=C(C8=CC=C(OC)C=C8)C9=CC=C2N95)(OCCO)(OCCO)N%10C(C=CC%10=C7C%11=CC=C(OC)C=C%11)=C4C%12=CC=C(OC)C=C%12.[Cl-],prob
O=C(C1C23=C4C5=C6C7=C8C9=C(C(C%10=C%11C%12=C%13C%14=C%15C%16=C%17%18)=C8C%12=C(C%13=C%19%16)C7=C%20C%19=C%17C%21=C%22C%23=C4C%21=C6%20)C%24=C(C%25=C%26C31=C%23C%27=C%28C%22=C%18C%29=C%15C%30=C%14C%11=C%31C%10=C%24C%25=C(C%32=C%26%27)C%31=C%30C%32=C%28%29)C2=C95)NC(C=C%33)=CC=C%33/C(C(C=C/%34)=NC%34=C%35\C%36=CC=C(OC)C=C%36)=C(N/%37)\C=CC%37=C(C%38=CC=C(OC)C=C%38)\C%39=N/C(C=C%39)=C(C%40=CC=C(OC)C=C%40)\C%41=CC=C%35N%41,remove
COC(C(C=C1)=CC=C1O[Si]23(N45)(OC6=CC=C(C(OC)=O)C=C6)[N](C(C7=C8C=CC=C7)=N9)=C8N=C4C%10=C(C=CC=C%10)C5=NC%11=[N]2C(C%12=C%11C=CC=C%12)=NC%13=C%14C=CC=CC%14=C9N3%13)=O,prob
O=C(OCC)C(C=C1)=CC=C1O[Si]23(N45)(OC6=CC=C(C(OCC)=O)C=C6)[N](C(C7=C8C=CC=C7)=N9)=C8N=C4C%10=C(C=CC=C%10)C5=NC%11=[N]2C(C%12=C%11C=CC=C%12)=NC%13=C%14C=CC=CC%14=C9N3%13,prob
O=C(OCCC)C(C=C1)=CC=C1O[Si]23(N45)(OC6=CC=C(C(OCCC)=O)C=C6)[N](C(C7=C8C=CC=C7)=N9)=C8N=C4C%10=C(C=CC=C%10)C5=NC%11=[N]2C(C%12=C%11C=CC=C%12)=NC%13=C%14C=CC=CC%14=C9N3%13,prob
O=C(OCCCC)C(C=C1)=CC=C1O[Si]23(N45)(OC6=CC=C(C(OCCCC)=O)C=C6)[N](C(C7=C8C=CC=C7)=N9)=C8N=C4C%10=C(C=CC=C%10)C5=NC%11=[N]2C(C%12=C%11C=CC=C%12)=NC%13=C%14C=CC=CC%14=C9N3%13,prob
CC1=CC(C)=CC(C)=C1OC2=CC=CC3=C2C4N=C5C(C=CC=C6)=C6C7=NC8=[N]9C(C%10=C8C=CC=C%10)=NC%11=C%12C=CC=CC%12=C%13N=C3N4[2H]9(N75)N%11%13.COC%14=C(C)C=C(C)C=C%14C.COC%15=C(C)C=C(C)C=C%15C.COC%16=C(C)C=C(C)C=C%16C,prob
CC1=C(C(C)=CC(C)=C1)OC2=CC(C3=NC4=[N]5C(C6=C4C=CC=C6)=NC7=C8C=CC=CC8=C9N=C%10N%11[2H]5(N3%12)N79)=C(C=C2)C%12=NC%11C%13=C%10C=CC=C%13.COC%14=C(C)C=C(C)C=C%14C.COC%15=C(C)C=C(C)C=C%15C.COC%16=C(C)C=C(C)C=C%16C,prob
CC1=C(OC(C2=C3N4[2H](N56)7[N](C(C8=C9C=CC=C8)=N3)=C9N=C5C%10=C(C=CC=C%10)C6=N%11)=CC=CC2=C4N=C%12[N]7=C%11C%13=C%12C=CC=C%13)C=C(C)C=C1C.COC%14=CC(C)=CC(C)=C%14C.CC%15=C(C)C=C(C)C=C%15OC.CC%16=C(OC)C=C(C)C=C%16C,prob
CC1=C(OC2=CC(C(C=C2)=C3N4[2H](N56)7[N](C(C8=C9C=CC=C8)=N3)=C9N=C5C%10=C(C=CC=C%10)C6=N%11)=C4N=C%12[N]7=C%11C%13=C%12C=CC=C%13)C=C(C)C=C1C.COC%14=CC(C)=CC(C)=C%14C.CC%15=C(C)C=C(C)C=C%15OC.CC%16=C(OC)C=C(C)C=C%16C,prob
CC1=C(OC2=CC(C(C=C2Cl)=C3N4[2H](N56)7[N](C(C8=C9C=C(Cl)C(OC%10=CC(C)=CC(C)=C%10C)=C8)=N3)=C9N=C5C%11=C(C=C(Cl)C(OC%12=CC(C)=CC(C)=C%12C)=C%11)C6=N%13)=C4N=C%14[N]7=C%13C%15=C%14C=C(Cl)C(OC%16=CC(C)=CC(C)=C%16C)=C%15)C=C(C)C=C1C,prob
C1(N(C(C2=C1C=CC=C2)=N3)[Si]45(OCCCCCCOCC6=CN=NN6C7=CC=CC=C7)(OCCCCCCOCC8=CN=NN8C9=CC=CC=C9)N%10%11)=NC%12=[N]4C(C%13=C%12C=CC=C%13)=NC%10=C%14C=CC=CC%14=C%11N=C%15[N]5=C3C%16=C%15C=CC=C%16,C12=NC3=[N+]4[Si-2]5(OCCCCCCOCC6=CN=NN6C7=CC=CC=C7)(OCCCCCCOCC8=CN=NN8C9=CC=CC=C9)(N%10%11)N1C(C%12=C2C=CC=C%12)=NC(C%13=C%14C=CC=C%13)=[N+]5C%14=NC%11=C%15C=CC=CC%15=C%10N=C4C%16=C3C=CC=C%16
